path,name,extension,size_bytes,modified_time,top_dir,doc_type,topic_tags,priority_hint,status,next_action,learned_at,review_status,correction_status,artifact
00-量化研究框架.md,00-量化研究框架.md,.md,7059,2026-05-22T00:36:36,.,markdown,foundation,P0,corrected,deep_read,2026-05-22T21:17:59,reviewed,corrections_logged,notes/量化研究基础总纲.md;notes/指标信号策略与研究报告规范.md
01-量化研究入门课程.md,01-量化研究入门课程.md,.md,15897,2026-05-22T02:48:31,.,markdown,foundation,P0,corrected,deep_read,2026-05-22T21:17:59,reviewed,corrections_logged,notes/量化研究基础总纲.md;notes/指标信号策略与研究报告规范.md
课程详细版\00-课程目录.md,00-课程目录.md,.md,5224,2026-05-22T02:48:14,课程详细版,markdown,foundation,P0,corrected,deep_read,2026-05-23T11:57:34,reviewed,corrected,notes/量化研究对象与条件期望因子择时学习笔记.md;factor_library/条件期望因子择时.md;replication_reports/课程研究对象与条件期望择时复盘.md;strategy_lab/conditional_factor_timing.py
课程详细版\01-什么是量化研究.md,01-什么是量化研究.md,.md,10232,2026-05-22T20:26:33,课程详细版,markdown,foundation,P0,corrected,deep_read,2026-05-23T11:57:34,reviewed,corrected,notes/量化研究对象与条件期望因子择时学习笔记.md;factor_library/条件期望因子择时.md;replication_reports/课程研究对象与条件期望择时复盘.md;strategy_lab/conditional_factor_timing.py
课程详细版\02-研究对象是什么.md,02-研究对象是什么.md,.md,12031,2026-05-22T02:29:33,课程详细版,markdown,foundation,P0,corrected,deep_read,2026-05-23T11:57:34,reviewed,corrected,notes/量化研究对象与条件期望因子择时学习笔记.md;factor_library/条件期望因子择时.md;replication_reports/课程研究对象与条件期望择时复盘.md;strategy_lab/conditional_factor_timing.py
课程详细版\03-数据是什么.md,03-数据是什么.md,.md,10010,2026-05-22T02:30:02,课程详细版,markdown,foundation|data,P0,corrected,deep_read,2026-05-22T21:17:59,reviewed,corrections_logged,notes/量化研究基础总纲.md;notes/指标信号策略与研究报告规范.md
课程详细版\04-收益和风险.md,04-收益和风险.md,.md,5950,2026-05-22T02:16:31,课程详细版,markdown,foundation|risk,P0,corrected,deep_read,2026-05-22T21:23:24,reviewed,corrections_logged,notes/ETF动量轮动与研究系统学习笔记.md
课程详细版\05-指标因子信号策略.md,05-指标因子信号策略.md,.md,6489,2026-05-22T02:16:31,课程详细版,markdown,foundation|factor,P0,corrected,deep_read,2026-05-22T21:17:59,reviewed,corrections_logged,notes/量化研究基础总纲.md;notes/指标信号策略与研究报告规范.md
课程详细版\06-回测是什么.md,06-回测是什么.md,.md,9086,2026-05-22T02:50:28,课程详细版,markdown,foundation|backtest,P0,corrected,deep_read,2026-05-22T21:17:59,reviewed,corrections_logged,notes/量化研究基础总纲.md;notes/指标信号策略与研究报告规范.md
课程详细版\07-基准和超额收益.md,07-基准和超额收益.md,.md,5127,2026-05-22T02:16:31,课程详细版,markdown,foundation,P0,corrected,deep_read,2026-05-22T21:17:59,reviewed,corrections_logged,notes/量化研究基础总纲.md;notes/指标信号策略与研究报告规范.md
课程详细版\08-因子研究入门.md,08-因子研究入门.md,.md,9122,2026-05-22T02:50:27,课程详细版,markdown,foundation|factor,P0,corrected,deep_read,2026-05-22T21:17:59,reviewed,corrections_logged,notes/量化研究基础总纲.md;notes/指标信号策略与研究报告规范.md
课程详细版\09-因子怎么评价.md,09-因子怎么评价.md,.md,9390,2026-05-22T02:50:28,课程详细版,markdown,foundation|factor,P0,corrected,deep_read,2026-05-22T21:17:59,reviewed,corrections_logged,notes/量化研究基础总纲.md;notes/指标信号策略与研究报告规范.md
课程详细版\10-组合是什么.md,10-组合是什么.md,.md,5313,2026-05-22T02:50:44,课程详细版,markdown,foundation|portfolio,P0,corrected,deep_read,2026-05-22T21:17:59,reviewed,corrections_logged,notes/量化研究基础总纲.md;notes/指标信号策略与研究报告规范.md
课程详细版\11-风险控制.md,11-风险控制.md,.md,9205,2026-05-22T02:50:45,课程详细版,markdown,foundation|risk,P0,corrected,deep_read,2026-05-22T21:17:59,reviewed,corrections_logged,notes/量化研究基础总纲.md;notes/指标信号策略与研究报告规范.md
课程详细版\12-量化研究报告.md,12-量化研究报告.md,.md,8539,2026-05-22T02:50:45,课程详细版,markdown,foundation,P0,corrected,deep_read,2026-05-22T21:17:59,reviewed,corrections_logged,notes/量化研究基础总纲.md;notes/指标信号策略与研究报告规范.md
课程详细版\2026最新量化研究趋势.md,2026最新量化研究趋势.md,.md,10278,2026-05-22T02:50:05,课程详细版,markdown,foundation|timing,P0,corrected,deep_read,2026-05-23T12:08:02,reviewed,corrected,notes/AI量化研究治理与CSCV过拟合学习笔记.md; factor_library/回测过拟合概率与研究治理.md; strategy_lab/backtest_overfit_pbo.py; strategy_lab/research_governance.py
课程详细版\30天执行课程.md,30天执行课程.md,.md,17485,2026-05-22T20:26:34,课程详细版,markdown,foundation|execution,P0,corrected,deep_read,2026-05-23T12:08:02,reviewed,corrected,notes/AI量化研究治理与CSCV过拟合学习笔记.md; factor_library/回测过拟合概率与研究治理.md; strategy_lab/backtest_overfit_pbo.py; strategy_lab/research_governance.py
课程详细版\30轮小白学习迭代记录.md,30轮小白学习迭代记录.md,.md,17471,2026-05-22T02:25:51,课程详细版,markdown,foundation,P0,corrected,deep_read,2026-05-23T12:11:25,reviewed,corrected,notes/量化研究训练体系与材料路线学习笔记.md; factor_library/研究训练质量门与作业模板.md; strategy_lab/research_training_system.py
课程详细版\ETF动量轮动研究系统示例.md,ETF动量轮动研究系统示例.md,.md,5532,2026-05-22T02:46:07,课程详细版,markdown,foundation|timing|fund_etf,P0,corrected,deep_read,2026-05-22T21:23:24,reviewed,corrections_logged,notes/ETF动量轮动与研究系统学习笔记.md
课程详细版\KDJ代码精读.md,KDJ代码精读.md,.md,6381,2026-05-22T02:02:10,课程详细版,markdown,foundation|timing,P0,corrected,deep_read,2026-05-22T21:17:37,reviewed,corrections_logged,notes/最小研究闭环_KDJ到低PB学习笔记.md
课程详细版\从KDJ到第一个因子研究.md,从KDJ到第一个因子研究.md,.md,6364,2026-05-22T02:46:07,课程详细版,markdown,foundation|factor|timing,P0,corrected,deep_read,2026-05-22T21:17:37,reviewed,corrections_logged,notes/最小研究闭环_KDJ到低PB学习笔记.md
课程详细版\从零搭建研究系统实操课.md,从零搭建研究系统实操课.md,.md,6757,2026-05-22T02:48:38,课程详细版,markdown,foundation,P0,corrected,deep_read,2026-05-22T21:23:24,reviewed,corrections_logged,notes/ETF动量轮动与研究系统学习笔记.md
课程详细版\低PB因子研究系统示例.md,低PB因子研究系统示例.md,.md,5950,2026-05-22T02:46:08,课程详细版,markdown,foundation|factor,P0,corrected,deep_read,2026-05-22T21:17:37,reviewed,corrections_logged,notes/最小研究闭环_KDJ到低PB学习笔记.md
课程详细版\回测配置与风控模板.md,回测配置与风控模板.md,.md,5996,2026-05-22T02:46:07,课程详细版,markdown,foundation|backtest|risk,P0,corrected,deep_read,2026-05-22T21:17:37,reviewed,corrections_logged,notes/最小研究闭环_KDJ到低PB学习笔记.md
课程详细版\因子定义与评价模板.md,因子定义与评价模板.md,.md,6726,2026-05-22T02:46:07,课程详细版,markdown,foundation|factor,P0,corrected,deep_read,2026-05-22T21:17:37,reviewed,corrections_logged,notes/最小研究闭环_KDJ到低PB学习笔记.md
课程详细版\学习迭代记录.md,学习迭代记录.md,.md,4103,2026-05-22T02:15:50,课程详细版,markdown,foundation,P0,corrected,deep_read,2026-05-23T12:11:25,reviewed,corrected,notes/量化研究训练体系与材料路线学习笔记.md; factor_library/研究训练质量门与作业模板.md; strategy_lab/research_training_system.py
课程详细版\小白常见问题详解.md,小白常见问题详解.md,.md,3112,2026-05-22T02:28:47,课程详细版,markdown,foundation,P0,corrected,deep_read,2026-05-23T12:11:25,reviewed,corrected,notes/量化研究训练体系与材料路线学习笔记.md; factor_library/研究训练质量门与作业模板.md; strategy_lab/research_training_system.py
课程详细版\核心概念辨析卡.md,核心概念辨析卡.md,.md,4671,2026-05-22T02:00:18,课程详细版,markdown,foundation,P0,corrected,deep_read,2026-05-22T21:23:24,reviewed,corrections_logged,notes/ETF动量轮动与研究系统学习笔记.md
课程详细版\概念例子库.md,概念例子库.md,.md,7287,2026-05-22T02:28:46,课程详细版,markdown,foundation,P0,corrected,deep_read,2026-05-23T12:11:25,reviewed,corrected,notes/量化研究训练体系与材料路线学习笔记.md; factor_library/研究训练质量门与作业模板.md; strategy_lab/research_training_system.py
课程详细版\毕业作业与进阶路线.md,毕业作业与进阶路线.md,.md,5889,2026-05-22T02:46:08,课程详细版,markdown,foundation,P0,corrected,deep_read,2026-05-23T12:11:25,reviewed,corrected,notes/量化研究训练体系与材料路线学习笔记.md; factor_library/研究训练质量门与作业模板.md; strategy_lab/research_training_system.py
课程详细版\深度概念手册.md,深度概念手册.md,.md,22644,2026-05-22T02:25:05,课程详细版,markdown,foundation,P0,corrected,deep_read,2026-05-23T12:08:02,reviewed,corrected,notes/AI量化研究治理与CSCV过拟合学习笔记.md; factor_library/回测过拟合概率与研究治理.md; strategy_lab/backtest_overfit_pbo.py; strategy_lab/research_governance.py
课程详细版\研报阅读路线.md,研报阅读路线.md,.md,6174,2026-05-22T02:02:10,课程详细版,markdown,foundation,P0,corrected,deep_read,2026-05-22T21:57:06,reviewed,corrections_logged,notes/研报阅读路线与Spearman因子有效性学习笔记.md;replication_reports/海通Spearman相关系数因子有效性复盘.md
课程详细版\量化研究系统搭建路线图.md,量化研究系统搭建路线图.md,.md,12570,2026-05-22T02:49:49,课程详细版,markdown,foundation,P0,corrected,deep_read,2026-05-22T21:23:24,reviewed,corrections_logged,notes/ETF动量轮动与研究系统学习笔记.md
课程详细版\阶段测验与第一份研究作业.md,阶段测验与第一份研究作业.md,.md,6002,2026-05-22T02:48:45,课程详细版,markdown,foundation,P0,corrected,deep_read,2026-05-23T12:11:25,reviewed,corrected,notes/量化研究训练体系与材料路线学习笔记.md; factor_library/研究训练质量门与作业模板.md; strategy_lab/research_training_system.py
课程详细版\项目材料使用索引.md,项目材料使用索引.md,.md,11148,2026-05-22T02:49:14,课程详细版,markdown,foundation,P0,corrected,deep_read,2026-05-23T12:11:25,reviewed,corrected,notes/量化研究训练体系与材料路线学习笔记.md; factor_library/研究训练质量门与作业模板.md; strategy_lab/research_training_system.py
课程详细版\项目材料精读路线.md,项目材料精读路线.md,.md,5382,2026-05-22T02:49:38,课程详细版,markdown,foundation,P0,corrected,deep_read,2026-05-23T12:11:25,reviewed,corrected,notes/量化研究训练体系与材料路线学习笔记.md; factor_library/研究训练质量门与作业模板.md; strategy_lab/research_training_system.py
论文\投资者情绪相关论文\NLP Learning Books\「59页PDF」非技术也能看懂的 NLP 入门科普.pdf,「59页PDF」非技术也能看懂的 NLP 入门科普.pdf,.pdf,3767641,2026-05-21T23:42:56,论文,pdf,foundation|sentiment,P0,corrected,deep_read,2026-05-23T12:16:32,reviewed,corrected,notes/NLP文本因子与基金研究框架学习笔记.md; factor_library/文本情绪因子与基金标签体系.md; strategy_lab/nlp_text_factor_tools.py; strategy_lab/fund_research_framework.py
资料\卖方金工研报\华泰人工智能\华泰证券-华泰人工智能系列之1：人工智能选股框架及经典算法简介.pdf,华泰证券-华泰人工智能系列之1：人工智能选股框架及经典算法简介.pdf,.pdf,3046502,2026-05-21T23:42:57,资料,pdf,foundation|ml,P0,corrected,deep_read,2026-05-23T12:08:02,reviewed,corrected,notes/AI量化研究治理与CSCV过拟合学习笔记.md; factor_library/回测过拟合概率与研究治理.md; strategy_lab/backtest_overfit_pbo.py; strategy_lab/research_governance.py
资料\卖方金工研报\华泰人工智能\华泰证券-华泰人工智能系列之22：基于CSCV框架的回测过拟合概率.pdf,华泰证券-华泰人工智能系列之22：基于CSCV框架的回测过拟合概率.pdf,.pdf,2552291,2026-05-21T23:42:57,资料,pdf,foundation|backtest|ml,P0,corrected,deep_read,2026-05-23T12:08:02,reviewed,corrected,notes/AI量化研究治理与CSCV过拟合学习笔记.md; factor_library/回测过拟合概率与研究治理.md; strategy_lab/backtest_overfit_pbo.py; strategy_lab/research_governance.py
资料\卖方金工研报\基金研究\2021-09-12_华安证券_基金研究系列之八：基金投资如何选准对标的“锚”-分类标签框架介绍.pdf,2021-09-12_华安证券_基金研究系列之八：基金投资如何选准对标的“锚”-分类标签框架介绍.pdf,.pdf,3104276,2026-05-21T23:42:57,资料,pdf,foundation|fund_etf,P0,corrected,deep_read,2026-05-23T12:16:32,reviewed,corrected,notes/NLP文本因子与基金研究框架学习笔记.md; factor_library/文本情绪因子与基金标签体系.md; strategy_lab/nlp_text_factor_tools.py; strategy_lab/fund_research_framework.py
资料\卖方金工研报\基金研究\2023-05-15_浙商证券_权益基金专题研究：权益基金池体系与研究框架.pdf,2023-05-15_浙商证券_权益基金专题研究：权益基金池体系与研究框架.pdf,.pdf,1896498,2026-05-21T23:42:57,资料,pdf,foundation|fund_etf,P0,corrected,deep_read,2026-05-23T12:16:32,reviewed,corrected,notes/NLP文本因子与基金研究框架学习笔记.md; factor_library/文本情绪因子与基金标签体系.md; strategy_lab/nlp_text_factor_tools.py; strategy_lab/fund_research_framework.py
资料\卖方金工研报\海通报告\2017-06-13_海通证券_选股因子系列研究（二十）：基于条件期望的因子择时框架.pdf,2017-06-13_海通证券_选股因子系列研究（二十）：基于条件期望的因子择时框架.pdf,.pdf,2256464,2026-05-21T23:42:58,资料,pdf,foundation|factor|timing,P0,corrected,deep_read,2026-05-23T11:57:34,reviewed,corrected,notes/量化研究对象与条件期望因子择时学习笔记.md;factor_library/条件期望因子择时.md;replication_reports/课程研究对象与条件期望择时复盘.md;strategy_lab/conditional_factor_timing.py
资料\技术指标回测代码\main.py,main.py,.py,2365,2026-05-21T23:42:58,资料,code,backtest|timing|ml,P1,corrected,skim_then_extract,2026-05-23T12:19:34,reviewed,corrected,notes/技术指标信号验证与因子卡模板学习笔记.md; factor_library/技术指标信号验证框架.md; strategy_lab/technical_signal_research.py; .DS_Store ignored as system metadata
资料\技术指标回测代码\technical.py,technical.py,.py,811,2026-05-21T23:42:58,资料,code,backtest|timing,P1,corrected,skim_then_extract,2026-05-23T12:19:34,reviewed,corrected,notes/技术指标信号验证与因子卡模板学习笔记.md; factor_library/技术指标信号验证框架.md; strategy_lab/technical_signal_research.py; .DS_Store ignored as system metadata
资料\技术指标回测代码\各类技术指标合集.xlsx,各类技术指标合集.xlsx,.xlsx,35001,2026-05-21T23:42:58,资料,data,backtest|timing,P1,corrected,skim_then_extract,2026-05-23T12:19:34,reviewed,corrected,notes/技术指标信号验证与因子卡模板学习笔记.md; factor_library/技术指标信号验证框架.md; strategy_lab/technical_signal_research.py; .DS_Store ignored as system metadata
factor_library\factor_card_template.md,factor_card_template.md,.md,195,2026-05-22T21:04:52,factor_library,markdown,factor,P1,corrected,skim_then_extract,2026-05-23T12:19:34,reviewed,corrected,notes/技术指标信号验证与因子卡模板学习笔记.md; factor_library/技术指标信号验证框架.md; strategy_lab/technical_signal_research.py; .DS_Store ignored as system metadata
论文\AI金融论文整理\topics\factor-mining.md,factor-mining.md,.md,2639,2026-05-21T23:42:56,论文,markdown,factor|ml,P1,corrected,skim_then_extract,2026-05-23T12:21:59,reviewed,corrected,notes/AI金融论文雷达_因子挖掘与组合风险学习笔记.md; factor_library/AI金融论文雷达筛选框架.md; strategy_lab/ai_finance_radar.py
论文\AI金融论文整理\topics\portfolio-risk.md,portfolio-risk.md,.md,34776,2026-05-21T23:42:56,论文,markdown,portfolio|risk|ml,P1,corrected,skim_then_extract,2026-05-23T12:21:59,reviewed,corrected,notes/AI金融论文雷达_因子挖掘与组合风险学习笔记.md; factor_library/AI金融论文雷达筛选框架.md; strategy_lab/ai_finance_radar.py
资料\回测.md,回测.md,.md,389,2026-05-21T23:42:58,资料,markdown,backtest,P1,corrected,skim_then_extract,2026-05-22T21:52:26,reviewed,corrections_logged,notes/回测因子挖掘组合风控学习笔记.md;replication_reports/海通A股动量反转效应研究复盘.md
资料\因子挖掘.md,因子挖掘.md,.md,1786,2026-05-21T23:42:58,资料,markdown,factor,P1,corrected,skim_then_extract,2026-05-22T21:52:26,reviewed,corrections_logged,notes/回测因子挖掘组合风控学习笔记.md;replication_reports/海通A股动量反转效应研究复盘.md
资料\投资组合优化与风控.md,投资组合优化与风控.md,.md,594,2026-05-21T23:42:58,资料,markdown,portfolio|risk,P1,corrected,skim_then_extract,2026-05-22T21:52:26,reviewed,corrections_logged,notes/回测因子挖掘组合风控学习笔记.md;replication_reports/海通A股动量反转效应研究复盘.md
资料\技术指标回测代码\.DS_Store,.DS_Store,none,8196,2026-05-21T23:42:58,资料,other,backtest|timing,P1,corrected,skim_then_extract,2026-05-23T12:19:34,reviewed,corrected,notes/技术指标信号验证与因子卡模板学习笔记.md; factor_library/技术指标信号验证框架.md; strategy_lab/technical_signal_research.py; .DS_Store ignored as system metadata
资料\技术指标回测代码\技术指标编写说明.txt,技术指标编写说明.txt,.txt,3014,2026-05-21T23:42:58,资料,other,backtest|timing,P1,corrected,skim_then_extract,2026-05-23T12:19:34,reviewed,corrected,notes/技术指标信号验证与因子卡模板学习笔记.md; factor_library/技术指标信号验证框架.md; strategy_lab/technical_signal_research.py; .DS_Store ignored as system metadata
论文\投资者情绪相关论文\Papers in Teacher's book\在线社区支持倾向对股市收益和波动的影响_钱宇.pdf,在线社区支持倾向对股市收益和波动的影响_钱宇.pdf,.pdf,1909410,2026-05-21T23:42:56,论文,pdf,risk|sentiment,P1,corrected,skim_then_extract,2026-05-23T12:48:41,reviewed,corrected,notes/投资者情绪指数与市场波动学习笔记.md;factor_library/投资者情绪指数因子框架.md;strategy_lab/sentiment_index_models.py
论文\投资者情绪相关论文\Top Journals\管理世界\投资者情绪、内在价值估计与...格波动——市场情绪指数假说_丁志国.pdf,投资者情绪、内在价值估计与...格波动——市场情绪指数假说_丁志国.pdf,.pdf,297750,2026-05-21T23:42:56,论文,pdf,risk|sentiment,P1,corrected,skim_then_extract,2026-05-23T12:48:41,reviewed,corrected,notes/投资者情绪指数与市场波动学习笔记.md;factor_library/投资者情绪指数因子框架.md;strategy_lab/sentiment_index_models.py
论文\投资者情绪相关论文\Top Journals\管理科学学报\投资者情绪与时变风险补偿系数_贺志芳.pdf,投资者情绪与时变风险补偿系数_贺志芳.pdf,.pdf,449704,2026-05-21T23:42:56,论文,pdf,risk|sentiment,P1,corrected,skim_then_extract,2026-05-23T12:48:41,reviewed,corrected,notes/投资者情绪指数与市场波动学习笔记.md;factor_library/投资者情绪指数因子框架.md;strategy_lab/sentiment_index_models.py
论文\投资者情绪相关论文\Top Journals\经济研究\中国股市收益、收益波动与投资者情绪_王美今.pdf,中国股市收益、收益波动与投资者情绪_王美今.pdf,.pdf,562297,2026-05-21T23:42:56,论文,pdf,risk|sentiment,P1,corrected,skim_then_extract,2026-05-23T12:48:41,reviewed,corrected,notes/投资者情绪指数与市场波动学习笔记.md;factor_library/投资者情绪指数因子框架.md;strategy_lab/sentiment_index_models.py
论文\投资者情绪相关论文\Top Journals\经济研究\情绪波动和资产价格波动_陈彦斌.pdf,情绪波动和资产价格波动_陈彦斌.pdf,.pdf,465931,2026-05-21T23:42:56,论文,pdf,risk|sentiment,P1,corrected,skim_then_extract,2026-05-23T12:48:41,reviewed,corrected,notes/投资者情绪指数与市场波动学习笔记.md;factor_library/投资者情绪指数因子框架.md;strategy_lab/sentiment_index_models.py
论文\投资者情绪相关论文\Top Journals\金融研究\全球投资者国别风险情绪对跨境股票资本流动的影响_谭小芬.pdf,全球投资者国别风险情绪对跨境股票资本流动的影响_谭小芬.pdf,.pdf,1367785,2026-05-21T23:42:56,论文,pdf,risk|sentiment,P1,corrected,skim_then_extract,2026-05-23T16:30:19,reviewed,corrected,round33_sentiment_capital_flow_implicit_leverage
论文\投资者情绪相关论文\Top Journals\金融研究\投资者情绪、主观信念调整与市场波动_张宗新.pdf,投资者情绪、主观信念调整与市场波动_张宗新.pdf,.pdf,1493201,2026-05-21T23:42:56,论文,pdf,risk|sentiment,P1,corrected,skim_then_extract,2026-05-23T16:30:19,reviewed,corrected,round33_sentiment_capital_flow_implicit_leverage
论文\投资者情绪相关论文\Top Journals\金融研究\投资者情绪、资产估值与股票市场波动_胡昌生.pdf,投资者情绪、资产估值与股票市场波动_胡昌生.pdf,.pdf,1457919,2026-05-21T23:42:56,论文,pdf,risk|sentiment,P1,corrected,skim_then_extract,2026-05-23T16:30:19,reviewed,corrected,round33_sentiment_capital_flow_implicit_leverage
论文\投资者情绪相关论文\Top Journals\金融研究\隐性杠杆约束、流动性风险和投资者情绪_祝小全.pdf,隐性杠杆约束、流动性风险和投资者情绪_祝小全.pdf,.pdf,864149,2026-05-21T23:42:56,论文,pdf,risk|sentiment,P1,corrected,skim_then_extract,2026-05-23T16:30:19,reviewed,corrected,round33_sentiment_capital_flow_implicit_leverage
论文\行为金融学论文\Commentary_ Has financial development made the world riskier.pdf,Commentary_ Has financial development made the world riskier.pdf,.pdf,64213,2026-05-21T23:42:56,论文,pdf,risk|behavioral,P1,corrected,skim_then_extract,2026-05-23T12:45:05,reviewed,corrected,notes/行为金融基础_风险效用前景理论反向投资学习笔记.md;factor_library/行为金融因子假说库.md;strategy_lab/behavioral_factor_models.py
论文\行为金融学论文\Exposition of a new theory on the measurement of risk.pdf,Exposition of a new theory on the measurement of risk.pdf,.pdf,1676071,2026-05-21T23:42:56,论文,pdf,risk|behavioral,P1,corrected,skim_then_extract,2026-05-23T12:45:05,reviewed,corrected,notes/行为金融基础_风险效用前景理论反向投资学习笔记.md;factor_library/行为金融因子假说库.md;strategy_lab/behavioral_factor_models.py
论文\行为金融学论文\Prospect Theory_ An Analysis of Decision under Risk.pdf,Prospect Theory_ An Analysis of Decision under Risk.pdf,.pdf,618421,2026-05-21T23:42:56,论文,pdf,risk|behavioral,P1,corrected,skim_then_extract,2026-05-23T12:45:05,reviewed,corrected,notes/行为金融基础_风险效用前景理论反向投资学习笔记.md;factor_library/行为金融因子假说库.md;strategy_lab/behavioral_factor_models.py
论文\行为金融学论文\The Journal of Finance - December 1994 - LAKONISHOK - Contrarian Investment  Extrapolation  and Risk.pdf,The Journal of Finance - December 1994 - LAKONISHOK - Contrarian Investment  Extrapolation  and Risk.pdf,.pdf,984196,2026-05-21T23:42:56,论文,pdf,risk|behavioral,P1,corrected,skim_then_extract,2026-05-23T12:45:05,reviewed,corrected,notes/行为金融基础_风险效用前景理论反向投资学习笔记.md;factor_library/行为金融因子假说库.md;strategy_lab/behavioral_factor_models.py
资料\卖方金工研报\华泰人工智能\华泰证券-华泰人工智能系列之21：基于遗传规划的选股因子挖掘.pdf,华泰证券-华泰人工智能系列之21：基于遗传规划的选股因子挖掘.pdf,.pdf,4379998,2026-05-21T23:42:57,资料,pdf,factor|ml,P1,corrected,skim_then_extract,2026-05-23T16:35:29,reviewed,corrected,round34_gp_alphanet_ai_factor_mining
资料\卖方金工研报\华泰人工智能\华泰证券-华泰人工智能系列之23：再探基于遗传规划的选股因子挖掘.pdf,华泰证券-华泰人工智能系列之23：再探基于遗传规划的选股因子挖掘.pdf,.pdf,9961547,2026-05-21T23:42:57,资料,pdf,factor|ml,P1,corrected,skim_then_extract,2026-05-23T16:35:29,reviewed,corrected,round34_gp_alphanet_ai_factor_mining
资料\卖方金工研报\华泰人工智能\华泰证券-华泰人工智能系列之32：AlphaNet：因子挖掘神经网络.pdf,华泰证券-华泰人工智能系列之32：AlphaNet：因子挖掘神经网络.pdf,.pdf,2549653,2026-05-21T23:42:57,资料,pdf,factor|ml,P1,corrected,skim_then_extract,2026-05-23T16:35:29,reviewed,corrected,round34_gp_alphanet_ai_factor_mining
资料\卖方金工研报\华泰人工智能\华泰证券-华泰人工智能系列之34：再探AlphaNet：结构和特征优化.pdf,华泰证券-华泰人工智能系列之34：再探AlphaNet：结构和特征优化.pdf,.pdf,2923460,2026-05-21T23:42:57,资料,pdf,factor|portfolio|ml,P1,corrected,skim_then_extract,2026-05-23T16:35:29,reviewed,corrected,round34_gp_alphanet_ai_factor_mining
资料\卖方金工研报\华泰人工智能\华泰证券-华泰人工智能系列之37：舆情因子和BERT情感分类模型.pdf,华泰证券-华泰人工智能系列之37：舆情因子和BERT情感分类模型.pdf,.pdf,3169318,2026-05-21T23:42:57,资料,pdf,factor|sentiment|ml,P1,corrected,skim_then_extract,2026-05-23T16:40:40,reviewed,corrected,round35_bert_sentiment_futures_alt_strategies
资料\卖方金工研报\华泰人工智能\华泰证券-华泰人工智能系列之39：周频量价选股模型的组合优化实证.pdf,华泰证券-华泰人工智能系列之39：周频量价选股模型的组合优化实证.pdf,.pdf,2403471,2026-05-21T23:42:57,资料,pdf,portfolio|ml,P1,corrected,skim_then_extract,2026-05-22T23:01:58,reviewed,corrections_logged,notes/结构化风险模型与周频组合优化学习笔记.md;replication_reports/华泰结构化风险模型与周频组合优化复盘.md;strategy_lab/risk_model_tools.py;factor_library/结构化风险模型与组合优化.md
资料\卖方金工研报\华泰人工智能\华泰证券-华泰人工智能系列之41：基于BERT的分析师研报情感因子.pdf,华泰证券-华泰人工智能系列之41：基于BERT的分析师研报情感因子.pdf,.pdf,3437264,2026-05-21T23:42:57,资料,pdf,factor|ml,P1,corrected,skim_then_extract,2026-05-23T16:40:40,reviewed,corrected,round35_bert_sentiment_futures_alt_strategies
资料\卖方金工研报\华泰多因子系列\20160921-华泰证券-多因子系列之一：华泰多因子模型体系初探.pdf,20160921-华泰证券-多因子系列之一：华泰多因子模型体系初探.pdf,.pdf,857629,2026-05-21T23:42:57,资料,pdf,factor,P1,corrected,skim_then_extract,2026-05-23T12:29:51,reviewed,corrected,notes/华泰多因子基础与估值成长动量单因子测试学习笔记.md;factor_library/华泰标准单因子测试框架.md;strategy_lab/huatai_single_factor_test.py
资料\卖方金工研报\华泰多因子系列\20160929-华泰证券-多因子系列之二：华泰单因子测试之估值类因子.pdf,20160929-华泰证券-多因子系列之二：华泰单因子测试之估值类因子.pdf,.pdf,2736836,2026-05-21T23:42:57,资料,pdf,factor,P1,corrected,skim_then_extract,2026-05-23T12:29:51,reviewed,corrected,notes/华泰多因子基础与估值成长动量单因子测试学习笔记.md;factor_library/华泰标准单因子测试框架.md;strategy_lab/huatai_single_factor_test.py
资料\卖方金工研报\华泰多因子系列\20161031-华泰证券-多因子系列之三：华泰单因子测试之成长类因子.pdf,20161031-华泰证券-多因子系列之三：华泰单因子测试之成长类因子.pdf,.pdf,3111355,2026-05-21T23:42:57,资料,pdf,factor,P1,corrected,skim_then_extract,2026-05-23T12:29:51,reviewed,corrected,notes/华泰多因子基础与估值成长动量单因子测试学习笔记.md;factor_library/华泰标准单因子测试框架.md;strategy_lab/huatai_single_factor_test.py
资料\卖方金工研报\华泰多因子系列\20161220-华泰证券-多因子系列之四：华泰单因子测试之动量类因子.pdf,20161220-华泰证券-多因子系列之四：华泰单因子测试之动量类因子.pdf,.pdf,3097752,2026-05-21T23:42:57,资料,pdf,factor|timing,P1,corrected,skim_then_extract,2026-05-23T12:29:51,reviewed,corrected,notes/华泰多因子基础与估值成长动量单因子测试学习笔记.md;factor_library/华泰标准单因子测试框架.md;strategy_lab/huatai_single_factor_test.py
资料\卖方金工研报\华泰多因子系列\20170109-华泰证券-多因子系列之五：华泰单因子测试之换手率类因子.pdf,20170109-华泰证券-多因子系列之五：华泰单因子测试之换手率类因子.pdf,.pdf,2995995,2026-05-21T23:42:57,资料,pdf,factor|execution,P1,corrected,skim_then_extract,2026-05-23T12:34:17,reviewed,corrected,notes/华泰换手率波动率财务质量一致预期学习笔记.md;factor_library/华泰换手率波动率质量一致预期因子库.md;strategy_lab/huatai_single_factor_test.py
资料\卖方金工研报\华泰多因子系列\20170327-华泰证券-多因子系列之六：华泰单因子测试之波动率类因子.pdf,20170327-华泰证券-多因子系列之六：华泰单因子测试之波动率类因子.pdf,.pdf,2625541,2026-05-21T23:42:57,资料,pdf,factor|risk,P1,corrected,skim_then_extract,2026-05-23T12:34:17,reviewed,corrected,notes/华泰换手率波动率财务质量一致预期学习笔记.md;factor_library/华泰换手率波动率质量一致预期因子库.md;strategy_lab/huatai_single_factor_test.py
资料\卖方金工研报\华泰多因子系列\20180517-华泰证券-多因子系列之七：华泰单因子测试之资金流向因子.pdf,20180517-华泰证券-多因子系列之七：华泰单因子测试之资金流向因子.pdf,.pdf,4353461,2026-05-21T23:42:57,资料,pdf,factor,P1,corrected,skim_then_extract,2026-05-22T22:17:10,reviewed,corrections_logged,notes/资金流向与大资金行为学习笔记.md;factor_library/资金流向与大单行为因子.md;replication_reports/华泰海通资金流向与大资金行为复盘.md;strategy_lab/order_flow_factors.py
资料\卖方金工研报\华泰多因子系列\20180525-华泰证券-多因子系列之八：华泰单因子测试之财务质量因子.pdf,20180525-华泰证券-多因子系列之八：华泰单因子测试之财务质量因子.pdf,.pdf,7316059,2026-05-21T23:42:57,资料,pdf,factor,P1,corrected,skim_then_extract,2026-05-23T12:34:17,reviewed,corrected,notes/华泰换手率波动率财务质量一致预期学习笔记.md;factor_library/华泰换手率波动率质量一致预期因子库.md;strategy_lab/huatai_single_factor_test.py
资料\卖方金工研报\华泰多因子系列\20181214-华泰证券-多因子系列之九：华泰单因子测试之一致预期因子.pdf,20181214-华泰证券-多因子系列之九：华泰单因子测试之一致预期因子.pdf,.pdf,3882032,2026-05-21T23:42:57,资料,pdf,factor,P1,corrected,skim_then_extract,2026-05-23T12:34:17,reviewed,corrected,notes/华泰换手率波动率财务质量一致预期学习笔记.md;factor_library/华泰换手率波动率质量一致预期因子库.md;strategy_lab/huatai_single_factor_test.py
资料\卖方金工研报\华泰多因子系列\20190104-华泰证券-多因子系列之十：因子合成方法实证分析.pdf,20190104-华泰证券-多因子系列之十：因子合成方法实证分析.pdf,.pdf,1305515,2026-05-21T23:42:57,资料,pdf,factor,P1,corrected,skim_then_extract,2026-05-23T12:40:39,reviewed,corrected,notes/华泰因子合成技术因子历史分位数学习笔记.md;factor_library/因子合成与历史分位数技术因子框架.md;strategy_lab/factor_combination_tools.py
资料\卖方金工研报\华泰多因子系列\20190521-华泰证券-多因子系列之十一：华泰单因子测试之海量技术因子.pdf,20190521-华泰证券-多因子系列之十一：华泰单因子测试之海量技术因子.pdf,.pdf,5037349,2026-05-21T23:42:57,资料,pdf,factor,P1,corrected,skim_then_extract,2026-05-23T12:40:39,reviewed,corrected,notes/华泰因子合成技术因子历史分位数学习笔记.md;factor_library/因子合成与历史分位数技术因子框架.md;strategy_lab/factor_combination_tools.py
资料\卖方金工研报\华泰多因子系列\20190612-华泰证券-多因子系列之十二：桑土之防，结构化多因子风险模型.pdf,20190612-华泰证券-多因子系列之十二：桑土之防，结构化多因子风险模型.pdf,.pdf,2143554,2026-05-21T23:42:57,资料,pdf,factor|risk,P1,corrected,skim_then_extract,2026-05-22T23:01:58,reviewed,corrections_logged,notes/结构化风险模型与周频组合优化学习笔记.md;replication_reports/华泰结构化风险模型与周频组合优化复盘.md;strategy_lab/risk_model_tools.py;factor_library/结构化风险模型与组合优化.md
资料\卖方金工研报\华泰多因子系列\20191015-华泰证券-多因子系列之十三：华泰单因子测试之历史分位数因子.pdf,20191015-华泰证券-多因子系列之十三：华泰单因子测试之历史分位数因子.pdf,.pdf,4569320,2026-05-21T23:42:57,资料,pdf,factor,P1,corrected,skim_then_extract,2026-05-23T12:40:39,reviewed,corrected,notes/华泰因子合成技术因子历史分位数学习笔记.md;factor_library/因子合成与历史分位数技术因子框架.md;strategy_lab/factor_combination_tools.py
资料\卖方金工研报\另类交易策略系列\另类交易策略系列之三十：探寻股指期货跨品种的最优组合.pdf,另类交易策略系列之三十：探寻股指期货跨品种的最优组合.pdf,.pdf,1537320,2026-05-21T23:42:57,资料,pdf,portfolio|derivatives,P1,corrected,skim_then_extract,2026-05-23T16:40:40,reviewed,corrected,round35_bert_sentiment_futures_alt_strategies
资料\卖方金工研报\另类交易策略系列\另类交易策略系列之二：一类波动收敛突变模式的趋势跟随策略.pdf,另类交易策略系列之二：一类波动收敛突变模式的趋势跟随策略.pdf,.pdf,1230800,2026-05-21T23:42:57,资料,pdf,timing|risk,P1,corrected,skim_then_extract,2026-05-23T16:40:40,reviewed,corrected,round35_bert_sentiment_futures_alt_strategies
资料\卖方金工研报\另类交易策略系列\另类交易策略系列之四：基于日内波动极值的股指期货趋势跟随系统.pdf,另类交易策略系列之四：基于日内波动极值的股指期货趋势跟随系统.pdf,.pdf,1745243,2026-05-21T23:42:57,资料,pdf,timing|risk|derivatives,P1,corrected,skim_then_extract,2026-05-23T16:44:38,reviewed,corrected,round36_fund_factor_orthogonalization_intraday_extreme
资料\卖方金工研报\基金研究\2023-03-22_浙商证券_公募基金研究体系：标签、因子、专题.pdf,2023-03-22_浙商证券_公募基金研究体系：标签、因子、专题.pdf,.pdf,1442600,2026-05-21T23:42:57,资料,pdf,factor|fund_etf,P1,corrected,skim_then_extract,2026-05-23T16:44:38,reviewed,corrected,round36_fund_factor_orthogonalization_intraday_extreme
资料\卖方金工研报\基金研究\中金 _ 归因溯源，繁中选优——公募基金因子评价体系.pdf,中金 _ 归因溯源，繁中选优——公募基金因子评价体系.pdf,.pdf,2706902,2026-05-21T23:42:57,资料,pdf,factor|fund_etf,P1,corrected,skim_then_extract,2026-05-23T16:44:38,reviewed,corrected,round36_fund_factor_orthogonalization_intraday_extreme
资料\卖方金工研报\多因子\2019-09-03_财通证券_“拾穗”多因子系列报告：当我们在做因子正交化的时候，我们在做什么？.pdf,2019-09-03_财通证券_“拾穗”多因子系列报告：当我们在做因子正交化的时候，我们在做什么？.pdf,.pdf,1330976,2026-05-21T23:42:57,资料,pdf,factor,P1,corrected,skim_then_extract,2026-05-23T16:44:38,reviewed,corrected,round36_fund_factor_orthogonalization_intraday_extreme
资料\卖方金工研报\多因子\2019-10-29_财通证券_“拾穗”多因子系列报告（第19期）：似是而非-横截面回归还是时间序列回归？.pdf,2019-10-29_财通证券_“拾穗”多因子系列报告（第19期）：似是而非-横截面回归还是时间序列回归？.pdf,.pdf,1825860,2026-05-21T23:42:57,资料,pdf,factor,P1,corrected,completed_round37,2026-05-23,reviewed,corrected,round37_regression_short_horizon_level2
资料\卖方金工研报\多因子\国泰君安－基于短周期价量特征的多因子选股体系.pdf,国泰君安－基于短周期价量特征的多因子选股体系.pdf,.pdf,2024514,2026-05-21T23:42:57,资料,pdf,factor,P1,corrected,completed_round37,2026-05-23,reviewed,corrected,round37_regression_short_horizon_level2
资料\卖方金工研报\海通报告\10_选股因子研究系列（十）——基于波段划分的动态反转因子.pdf,10_选股因子研究系列（十）——基于波段划分的动态反转因子.pdf,.pdf,934669,2026-05-21T23:42:57,资料,pdf,factor|timing,P1,corrected,completed_round37,2026-05-23,reviewed,corrected,round37_regression_short_horizon_level2
资料\卖方金工研报\海通报告\1_选股因子研究系列（一）——A股市场的动量反转效应研究.pdf,1_选股因子研究系列（一）——A股市场的动量反转效应研究.pdf,.pdf,420702,2026-05-21T23:42:57,资料,pdf,factor|timing,P1,corrected,skim_then_extract,2026-05-22T21:52:26,reviewed,corrections_logged,notes/回测因子挖掘组合风控学习笔记.md;replication_reports/海通A股动量反转效应研究复盘.md
资料\卖方金工研报\海通报告\2016-06-06_海通证券_选股因子系列研究（十一）：Level2行情选股因子初探.pdf,2016-06-06_海通证券_选股因子系列研究（十一）：Level2行情选股因子初探.pdf,.pdf,1054948,2026-05-21T23:42:57,资料,pdf,factor,P1,corrected,completed_round37,2026-05-23,reviewed,corrected,round37_regression_short_horizon_level2
资料\卖方金工研报\海通报告\2016-06-28_海通证券_选股因子系列研究（十二）-量与价的结合.pdf,2016-06-28_海通证券_选股因子系列研究（十二）-量与价的结合.pdf,.pdf,1212674,2026-05-21T23:42:57,资料,pdf,factor,P1,corrected,completed_round38,2026-05-23,reviewed,corrected,round38_volume_price_behavior_lottery
资料\卖方金工研报\海通报告\2016-07-20_海通证券_选股因子系列研究（十三）：因子大讲坛.pdf,2016-07-20_海通证券_选股因子系列研究（十三）：因子大讲坛.pdf,.pdf,1759090,2026-05-21T23:42:57,资料,pdf,factor,P1,corrected,completed_round38,2026-05-23,reviewed,corrected,round38_volume_price_behavior_lottery
资料\卖方金工研报\海通报告\2016-08-10_海通证券_选股因子系列研究（十四）：交易行为的波动和股票预期收益.pdf,2016-08-10_海通证券_选股因子系列研究（十四）：交易行为的波动和股票预期收益.pdf,.pdf,1214905,2026-05-21T23:42:57,资料,pdf,factor|risk,P1,corrected,completed_round38,2026-05-23,reviewed,corrected,round38_volume_price_behavior_lottery
资料\卖方金工研报\海通报告\2016-09-29_海通证券_选股因子系列研究（十五）：“博彩型”股票的预期收益.pdf,2016-09-29_海通证券_选股因子系列研究（十五）：“博彩型”股票的预期收益.pdf,.pdf,1245561,2026-05-21T23:42:57,资料,pdf,factor,P1,corrected,completed_round38,2026-05-23,reviewed,corrected,round38_volume_price_behavior_lottery
资料\卖方金工研报\海通报告\2016-09-31_海通证券_选股因子系列研究（十六）：选股因子空头收益的转化.pdf,2016-09-31_海通证券_选股因子系列研究（十六）：选股因子空头收益的转化.pdf,.pdf,1541109,2026-05-21T23:42:57,资料,pdf,factor,P1,corrected,skim_then_extract,2026-05-22T22:56:05,reviewed,corrections_logged,notes/空头收益转化与因子敞口上限学习笔记.md;replication_reports/海通空头收益转化与因子敞口上限复盘.md;strategy_lab/portfolio_weighting_constraints.py;factor_library/空头收益转化与敞口预算.md
资料\卖方金工研报\海通报告\2017-01-19_海通证券_选股因子系列研究（十七）：选股因子的正交.pdf,2017-01-19_海通证券_选股因子系列研究（十七）：选股因子的正交.pdf,.pdf,1656962,2026-05-21T23:42:57,资料,pdf,factor,P1,corrected,skim_then_extract,2026-05-22T22:00:02,reviewed,corrections_logged,notes/因子正交加权择时学习笔记.md;replication_reports/海通因子正交与加权择时复盘.md
资料\卖方金工研报\海通报告\2017-03-28_海通证券_选股因子系列研究（十八）：价格形态选股因子.pdf,2017-03-28_海通证券_选股因子系列研究（十八）：价格形态选股因子.pdf,.pdf,1705746,2026-05-21T23:42:58,资料,pdf,factor,P1,corrected,completed_round39,2026-05-23,reviewed,corrected,round39_price_shape_hf_skew_analyst
资料\卖方金工研报\海通报告\2017-05-08_海通证券_选股因子系列研究（十九）：高频因子之股票收益分布特征.pdf,2017-05-08_海通证券_选股因子系列研究（十九）：高频因子之股票收益分布特征.pdf,.pdf,2174867,2026-05-21T23:42:58,资料,pdf,factor,P1,corrected,completed_round39,2026-05-23,reviewed,corrected,round39_price_shape_hf_skew_analyst
资料\卖方金工研报\海通报告\2017-06-28_海通证券_选股因子系列研究（二十一）：分析师一致预期相关因子.pdf,2017-06-28_海通证券_选股因子系列研究（二十一）：分析师一致预期相关因子.pdf,.pdf,3369057,2026-05-21T23:42:58,资料,pdf,factor,P1,corrected,completed_round39,2026-05-23,reviewed,corrected,round39_price_shape_hf_skew_analyst
资料\卖方金工研报\海通报告\2017-07-04_海通证券_选股因子系列研究（二十二）——分析师覆盖度与股票预期收益-.pdf,2017-07-04_海通证券_选股因子系列研究（二十二）——分析师覆盖度与股票预期收益-.pdf,.pdf,761447,2026-05-21T23:42:58,资料,pdf,factor,P1,corrected,completed_round39,2026-05-23,reviewed,corrected,round39_price_shape_hf_skew_analyst
资料\卖方金工研报\海通报告\2017-07-27_海通证券_选股因子系列研究（二十三）：历史财务信息对股票收益的预测能力.pdf,2017-07-27_海通证券_选股因子系列研究（二十三）：历史财务信息对股票收益的预测能力.pdf,.pdf,1694074,2026-05-21T23:42:58,资料,pdf,factor,P1,corrected,complete,2026-05-23,reviewed,corrected,round40_fundamental_premium_quantile_hfvol
资料\卖方金工研报\海通报告\2017-08-29_海通证券_选股因子系列研究（二十四）：基于拟合优度和波动率调整的因子溢价估计.pdf,2017-08-29_海通证券_选股因子系列研究（二十四）：基于拟合优度和波动率调整的因子溢价估计.pdf,.pdf,1727037,2026-05-21T23:42:58,资料,pdf,factor|risk,P1,corrected,complete,2026-05-23,reviewed,corrected,round40_fundamental_premium_quantile_hfvol
资料\卖方金工研报\海通报告\2017-09-11_海通证券_选股因子系列研究（二十五）：高频因子之已实现波动分解.pdf,2017-09-11_海通证券_选股因子系列研究（二十五）：高频因子之已实现波动分解.pdf,.pdf,979202,2026-05-21T23:42:58,资料,pdf,factor|risk,P1,corrected,complete,2026-05-23,reviewed,corrected,round40_fundamental_premium_quantile_hfvol
资料\卖方金工研报\海通报告\2017-10-09_海通证券_选股因子系列研究（二十六）：因子加权、正交和择时的若干性质.pdf,2017-10-09_海通证券_选股因子系列研究（二十六）：因子加权、正交和择时的若干性质.pdf,.pdf,760315,2026-05-21T23:42:58,资料,pdf,factor|timing,P1,corrected,skim_then_extract,2026-05-22T22:00:02,reviewed,corrections_logged,notes/因子正交加权择时学习笔记.md;replication_reports/海通因子正交与加权择时复盘.md
资料\卖方金工研报\海通报告\2017-10-18_海通证券_选股因子系列研究（二十七）：分位数回归在多因子选股中的应用.pdf,2017-10-18_海通证券_选股因子系列研究（二十七）：分位数回归在多因子选股中的应用.pdf,.pdf,1168014,2026-05-21T23:42:58,资料,pdf,factor,P1,corrected,complete,2026-05-23,reviewed,corrected,round40_fundamental_premium_quantile_hfvol
资料\卖方金工研报\海通报告\2017-10-20_海通证券_选股因子系列研究（二十九）：——因子降维I：底层因子降维方法对比.pdf,2017-10-20_海通证券_选股因子系列研究（二十九）：——因子降维I：底层因子降维方法对比.pdf,.pdf,7844618,2026-05-21T23:42:58,资料,pdf,factor,P1,corrected,complete,2026-05-23,reviewed,corrected,round41_factor_reduction_expectation_timing
资料\卖方金工研报\海通报告\2017-11-01_海通证券_选股因子系列研究（二十八）：致预期质量分析.pdf,2017-11-01_海通证券_选股因子系列研究（二十八）：致预期质量分析.pdf,.pdf,739645,2026-05-21T23:42:58,资料,pdf,factor,P1,corrected,complete,2026-05-23,reviewed,corrected,round41_factor_reduction_expectation_timing
资料\卖方金工研报\海通报告\2017-12-26_海通证券_选股因子系列研究（三十）：因子择时模型改进与择时指标库构建.pdf,2017-12-26_海通证券_选股因子系列研究（三十）：因子择时模型改进与择时指标库构建.pdf,.pdf,870508,2026-05-21T23:42:58,资料,pdf,factor|timing,P1,corrected,complete,2026-05-23,reviewed,corrected,round41_factor_reduction_expectation_timing
资料\卖方金工研报\海通报告\2018-01-05_海通证券_选股因子系列研究（三十一）：因子择时指标的筛选.pdf,2018-01-05_海通证券_选股因子系列研究（三十一）：因子择时指标的筛选.pdf,.pdf,2435047,2026-05-21T23:42:58,资料,pdf,factor|timing,P1,corrected,complete,2026-05-23,reviewed,corrected,round41_factor_reduction_expectation_timing
资料\卖方金工研报\海通报告\2018-03-22_海通证券_选股因子系列研究（三十二）：因子择时在风险控制模型中的应用.pdf,2018-03-22_海通证券_选股因子系列研究（三十二）：因子择时在风险控制模型中的应用.pdf,.pdf,835712,2026-05-21T23:42:58,资料,pdf,factor|timing|risk,P1,corrected,complete,2026-05-23,reviewed,corrected,round42_dynamic_risk_macro_expectation
资料\卖方金工研报\海通报告\2018-05-24_海通证券_选股因子系列研究（三十三）：预期调整类因子的收益特征.pdf,2018-05-24_海通证券_选股因子系列研究（三十三）：预期调整类因子的收益特征.pdf,.pdf,922753,2026-05-21T23:42:58,资料,pdf,factor,P1,corrected,complete,2026-05-23,reviewed,corrected,round42_dynamic_risk_macro_expectation
资料\卖方金工研报\海通报告\2018-06-25_海通证券_选股因子系列研究（三十四）：宏观经济数据可以用来选股吗？.pdf,2018-06-25_海通证券_选股因子系列研究（三十四）：宏观经济数据可以用来选股吗？.pdf,.pdf,2170424,2026-05-21T23:42:58,资料,pdf,data|factor|macro,P1,corrected,complete,2026-05-23,reviewed,corrected,round42_dynamic_risk_macro_expectation
资料\卖方金工研报\海通报告\2018-07-09_海通证券_选股因子系列研究（三十五）：宏观经济的不确定性在A股市场被定价了吗？.pdf,2018-07-09_海通证券_选股因子系列研究（三十五）：宏观经济的不确定性在A股市场被定价了吗？.pdf,.pdf,1893027,2026-05-21T23:42:58,资料,pdf,factor|macro,P1,corrected,complete,2026-05-23,reviewed,corrected,round42_dynamic_risk_macro_expectation
资料\卖方金工研报\海通报告\2018-08-16_海通证券_选股因子系列研究（三十六）：哪些宏观经济指标存在选股效应？.pdf,2018-08-16_海通证券_选股因子系列研究（三十六）：哪些宏观经济指标存在选股效应？.pdf,.pdf,752728,2026-05-21T23:42:58,资料,pdf,factor|macro,P1,corrected,complete,2026-05-23,reviewed,corrected,round43_macro_tvalue_imom_profit_trend_consensus_base
资料\卖方金工研报\海通报告\2018-08-30_海通证券_选股因子系列研究（三十七）：A股是否存在异质动量效应？.pdf,2018-08-30_海通证券_选股因子系列研究（三十七）：A股是否存在异质动量效应？.pdf,.pdf,922130,2026-05-21T23:42:58,资料,pdf,factor|timing,P1,corrected,complete,2026-05-23,reviewed,corrected,round43_macro_tvalue_imom_profit_trend_consensus_base
资料\卖方金工研报\海通报告\2018-09-26_海通证券_选股因子系列研究（三十八）：因子敞口上限对优化组合的影响.pdf,2018-09-26_海通证券_选股因子系列研究（三十八）：因子敞口上限对优化组合的影响.pdf,.pdf,1968555,2026-05-21T23:42:58,资料,pdf,factor|portfolio,P1,corrected,skim_then_extract,2026-05-22T22:56:05,reviewed,corrections_logged,notes/空头收益转化与因子敞口上限学习笔记.md;replication_reports/海通空头收益转化与因子敞口上限复盘.md;strategy_lab/portfolio_weighting_constraints.py;factor_library/空头收益转化与敞口预算.md
资料\卖方金工研报\海通报告\2018-10-12_海通证券_选股因子系列研究（三十九）：如何计算盈利指标的趋势？.pdf,2018-10-12_海通证券_选股因子系列研究（三十九）：如何计算盈利指标的趋势？.pdf,.pdf,965713,2026-05-21T23:42:58,资料,pdf,factor|timing,P1,corrected,complete,2026-05-23,reviewed,corrected,round43_macro_tvalue_imom_profit_trend_consensus_base
资料\卖方金工研报\海通报告\2018-10-19_海通证券_选股因子系列研究（四十）：预期因子的底层数据处理.pdf,2018-10-19_海通证券_选股因子系列研究（四十）：预期因子的底层数据处理.pdf,.pdf,1471926,2026-05-21T23:42:58,资料,pdf,data|factor,P1,corrected,complete,2026-05-23,reviewed,corrected,round43_macro_tvalue_imom_profit_trend_consensus_base
资料\卖方金工研报\海通报告\2018-10-24_海通证券_选股因子系列研究（四十一）：医药行业因子选股研究.pdf,2018-10-24_海通证券_选股因子系列研究（四十一）：医药行业因子选股研究.pdf,.pdf,1113498,2026-05-21T23:42:58,资料,pdf,factor,P1,corrected,complete,2026-05-23,reviewed,corrected,round44_industry_quality_fivefactor_tree_timing
资料\卖方金工研报\海通报告\2018-11-08_海通证券_选股因子系列研究（四十二）——因子失效预警：因子拥挤.pdf,2018-11-08_海通证券_选股因子系列研究（四十二）——因子失效预警：因子拥挤.pdf,.pdf,1035286,2026-05-21T23:42:58,资料,pdf,factor,P1,corrected,skim_then_extract,2026-05-22T22:10:16,reviewed,corrections_logged,notes/因子拥挤与失效预警学习笔记.md;factor_library/因子拥挤度监控因子.md;replication_reports/海通因子拥挤与失效预警复盘.md;strategy_lab/factor_crowding_monitor.py
资料\卖方金工研报\海通报告\2019-01-30_海通证券_选股因子系列研究（四十三）：因子拥挤度的改进.pdf,2019-01-30_海通证券_选股因子系列研究（四十三）：因子拥挤度的改进.pdf,.pdf,990809,2026-05-21T23:42:58,资料,pdf,factor,P1,corrected,skim_then_extract,2026-05-22T22:10:16,reviewed,corrections_logged,notes/因子拥挤与失效预警学习笔记.md;factor_library/因子拥挤度监控因子.md;replication_reports/海通因子拥挤与失效预警复盘.md;strategy_lab/factor_crowding_monitor.py
资料\卖方金工研报\海通报告\2019-02-01_海通证券_选股因子系列研究（四十四）：因子拥挤度的扩展.pdf,2019-02-01_海通证券_选股因子系列研究（四十四）：因子拥挤度的扩展.pdf,.pdf,2295817,2026-05-21T23:42:58,资料,pdf,factor,P1,corrected,skim_then_extract,2026-05-22T22:13:12,reviewed,corrections_logged,notes/因子拥挤扩展学习笔记.md;replication_reports/海通因子拥挤扩展复盘.md;strategy_lab/factor_crowding_monitor.py;factor_library/因子拥挤度监控因子.md
资料\卖方金工研报\海通报告\2019-02-22_海通证券_选股因子系列研究（四十五）：质量因子.pdf,2019-02-22_海通证券_选股因子系列研究（四十五）：质量因子.pdf,.pdf,1853419,2026-05-21T23:42:58,资料,pdf,factor,P1,corrected,complete,2026-05-23,reviewed,corrected,round44_industry_quality_fivefactor_tree_timing
资料\卖方金工研报\海通报告\2019-04-17_海通证券_选股因子系列研究（四十六）：日内分时成交中的玄机.pdf,2019-04-17_海通证券_选股因子系列研究（四十六）：日内分时成交中的玄机.pdf,.pdf,2292970,2026-05-21T23:42:58,资料,pdf,factor,P1,corrected,skim_then_extract,2026-05-22T22:33:39,reviewed,corrections_logged,notes/日内分时成交交易意愿与托底因子学习笔记.md;replication_reports/海通日内分时交易意愿与托底复盘.md;strategy_lab/order_flow_factors.py;factor_library/资金流向与大单行为因子.md
资料\卖方金工研报\海通报告\2019-05-09_海通证券_选股因子系列研究（四十七）：捕捉投资者的交易意愿.pdf,2019-05-09_海通证券_选股因子系列研究（四十七）：捕捉投资者的交易意愿.pdf,.pdf,3192292,2026-05-21T23:42:58,资料,pdf,factor,P1,corrected,skim_then_extract,2026-05-22T22:33:39,reviewed,corrections_logged,notes/日内分时成交交易意愿与托底因子学习笔记.md;replication_reports/海通日内分时交易意愿与托底复盘.md;strategy_lab/order_flow_factors.py;factor_library/资金流向与大单行为因子.md
资料\卖方金工研报\海通报告\2019-05-29_海通证券_选股因子系列研究（四十八）：探索A股的五因子模型.pdf,2019-05-29_海通证券_选股因子系列研究（四十八）：探索A股的五因子模型.pdf,.pdf,1985496,2026-05-21T23:42:58,资料,pdf,factor,P1,corrected,complete,2026-05-23,reviewed,corrected,round44_industry_quality_fivefactor_tree_timing
资料\卖方金工研报\海通报告\2019-06-17_海通证券_选股因子系列研究（四十九）——当下跌遇到托底.pdf,2019-06-17_海通证券_选股因子系列研究（四十九）——当下跌遇到托底.pdf,.pdf,869019,2026-05-21T23:42:58,资料,pdf,factor,P1,corrected,skim_then_extract,2026-05-22T22:33:39,reviewed,corrections_logged,notes/日内分时成交交易意愿与托底因子学习笔记.md;replication_reports/海通日内分时交易意愿与托底复盘.md;strategy_lab/order_flow_factors.py;factor_library/资金流向与大单行为因子.md
资料\卖方金工研报\海通报告\2019-06-19_海通证券_选股因子系列研究（五十）-个股加权方式对比.pdf,2019-06-19_海通证券_选股因子系列研究（五十）-个股加权方式对比.pdf,.pdf,1936302,2026-05-21T23:42:58,资料,pdf,factor,P1,corrected,skim_then_extract,2026-05-22T22:05:41,reviewed,corrections_logged,notes/个股加权与组合约束学习笔记.md;replication_reports/海通个股加权与组合约束复盘.md;strategy_lab/portfolio_weighting_constraints.py
资料\卖方金工研报\海通报告\2019-07-21_海通证券_选股因子系列研究（五十一）：消费板块的因子组合.pdf,2019-07-21_海通证券_选股因子系列研究（五十一）：消费板块的因子组合.pdf,.pdf,2173813,2026-05-21T23:42:58,资料,pdf,factor|portfolio,P1,corrected,skim_then_extract,2026-05-23T11:32:51,reviewed,corrections_logged,notes/机构持仓价值组合与盈利加速学习笔记.md;replication_reports/海通机构持仓价值组合与盈利加速复盘.md;strategy_lab/fundamental_factor_portfolios.py;factor_library/机构持仓价值与盈利加速因子.md
资料\卖方金工研报\海通报告\2019-08-07_海通证券_选股因子系列研究（五十二）：基于回归树的因子择时模型.pdf,2019-08-07_海通证券_选股因子系列研究（五十二）：基于回归树的因子择时模型.pdf,.pdf,959784,2026-05-21T23:42:58,资料,pdf,factor|timing,P1,corrected,complete,2026-05-23,reviewed,corrected,round44_industry_quality_fivefactor_tree_timing
资料\卖方金工研报\海通报告\2019-08-26_海通证券_选股因子系列研究（五十三）：上市公司关系网因子.pdf,2019-08-26_海通证券_选股因子系列研究（五十三）：上市公司关系网因子.pdf,.pdf,2529069,2026-05-21T23:42:58,资料,pdf,factor,P1,corrected,complete,2026-05-23,reviewed,corrected,round45_network_balance_amplitude_passive_alpha
资料\卖方金工研报\海通报告\2019-09-11_海通证券_选股因子系列研究（五十四）：资产增长稳定性与资本结构变化.pdf,2019-09-11_海通证券_选股因子系列研究（五十四）：资产增长稳定性与资本结构变化.pdf,.pdf,779093,2026-05-21T23:42:58,资料,pdf,factor,P1,corrected,complete,2026-05-23,reviewed,corrected,round45_network_balance_amplitude_passive_alpha
资料\卖方金工研报\海通报告\2019-09-24_海通证券_选股因子系列研究（五十五）：价量波动幅度.pdf,2019-09-24_海通证券_选股因子系列研究（五十五）：价量波动幅度.pdf,.pdf,1608060,2026-05-21T23:42:58,资料,pdf,factor|risk,P1,corrected,complete,2026-05-23,reviewed,corrected,round45_network_balance_amplitude_passive_alpha
资料\卖方金工研报\海通报告\2019-11-07_海通证券_选股因子系列研究（五十六）：买卖单数据中的Alpha.pdf,2019-11-07_海通证券_选股因子系列研究（五十六）：买卖单数据中的Alpha.pdf,.pdf,807085,2026-05-21T23:42:58,资料,pdf,data|factor,P1,corrected,skim_then_extract,2026-05-22T22:26:25,reviewed,corrections_logged,notes/买卖单Alpha与主动买入行为学习笔记.md;replication_reports/海通买卖单Alpha与主动买入行为复盘.md;strategy_lab/order_flow_factors.py;factor_library/资金流向与大单行为因子.md
资料\卖方金工研报\海通报告\2020-01-13_海通证券_选股因子系列研究（五十七）：基于主动买入行为的选股因子.pdf,2020-01-13_海通证券_选股因子系列研究（五十七）：基于主动买入行为的选股因子.pdf,.pdf,3381399,2026-05-21T23:42:58,资料,pdf,factor,P1,corrected,skim_then_extract,2026-05-22T22:26:25,reviewed,corrections_logged,notes/买卖单Alpha与主动买入行为学习笔记.md;replication_reports/海通买卖单Alpha与主动买入行为复盘.md;strategy_lab/order_flow_factors.py;factor_library/资金流向与大单行为因子.md
资料\卖方金工研报\海通报告\2020-02-17_海通证券_选股因子系列研究（五十八）：知情交易与主买主卖.pdf,2020-02-17_海通证券_选股因子系列研究（五十八）：知情交易与主买主卖.pdf,.pdf,2741243,2026-05-21T23:42:58,资料,pdf,factor,P1,corrected,skim_then_extract,2026-05-22T22:39:01,reviewed,corrections_logged,notes/逐笔成交知情交易与有效信息学习笔记.md;replication_reports/海通逐笔成交知情交易与有效信息复盘.md;strategy_lab/order_flow_factors.py;factor_library/资金流向与大单行为因子.md
资料\卖方金工研报\海通报告\2020-02-24_海通证券_选股因子系列研究（五十九）：基于逐笔成交数据的高频因子梳理.pdf,2020-02-24_海通证券_选股因子系列研究（五十九）：基于逐笔成交数据的高频因子梳理.pdf,.pdf,1883753,2026-05-21T23:42:58,资料,pdf,data|factor,P1,corrected,skim_then_extract,2026-05-22T22:39:01,reviewed,corrections_logged,notes/逐笔成交知情交易与有效信息学习笔记.md;replication_reports/海通逐笔成交知情交易与有效信息复盘.md;strategy_lab/order_flow_factors.py;factor_library/资金流向与大单行为因子.md
资料\卖方金工研报\海通报告\2020-03-06_海通证券_选股因子系列研究（六十）：如何利用高频因子的空头效应？.pdf,2020-03-06_海通证券_选股因子系列研究（六十）：如何利用高频因子的空头效应？.pdf,.pdf,680037,2026-05-21T23:42:58,资料,pdf,factor,P1,corrected,skim_then_extract,2026-05-22T22:52:32,reviewed,corrections_logged,notes/高频空头效应与多头失效修正学习笔记.md;replication_reports/海通高频空头效应与多头失效修正复盘.md;strategy_lab/rebalance_optimization.py;factor_library/高频空头效应与多头失效.md
资料\卖方金工研报\海通报告\2020-03-23_海通证券_选股因子系列研究（六十一）：从加权IC到机器学习-高频因子多头失效的修正.pdf,2020-03-23_海通证券_选股因子系列研究（六十一）：从加权IC到机器学习-高频因子多头失效的修正.pdf,.pdf,883160,2026-05-21T23:42:58,资料,pdf,factor|ml,P1,corrected,skim_then_extract,2026-05-22T22:52:32,reviewed,corrections_logged,notes/高频空头效应与多头失效修正学习笔记.md;replication_reports/海通高频空头效应与多头失效修正复盘.md;strategy_lab/rebalance_optimization.py;factor_library/高频空头效应与多头失效.md
资料\卖方金工研报\海通报告\2020-04-07_海通证券_选股因子系列研究（六十二）：被动产品的规模扩张对alpha策略的影响分析-从美国到中国的证据.pdf,2020-04-07_海通证券_选股因子系列研究（六十二）：被动产品的规模扩张对alpha策略的影响分析-从美国到中国的证据.pdf,.pdf,1037260,2026-05-21T23:42:58,资料,pdf,factor,P1,corrected,complete,2026-05-23,reviewed,corrected,round45_network_balance_amplitude_passive_alpha
资料\卖方金工研报\海通报告\2020-04-13_海通证券_选股因子系列研究（六十三）：剔除高频多因子空头组合后的沪深300指数增强策略.pdf,2020-04-13_海通证券_选股因子系列研究（六十三）：剔除高频多因子空头组合后的沪深300指数增强策略.pdf,.pdf,874874,2026-05-21T23:42:58,资料,pdf,factor|portfolio,P1,corrected,skim_then_extract,2026-05-22T22:52:32,reviewed,corrections_logged,notes/高频空头效应与多头失效修正学习笔记.md;replication_reports/海通高频空头效应与多头失效修正复盘.md;strategy_lab/rebalance_optimization.py;factor_library/高频空头效应与多头失效.md
资料\卖方金工研报\海通报告\2020-04-24_海通证券_选股因子系列研究（六十四）：基于直观逻辑和机器学习的高频数据低频化应用.pdf,2020-04-24_海通证券_选股因子系列研究（六十四）：基于直观逻辑和机器学习的高频数据低频化应用.pdf,.pdf,996018,2026-05-21T23:42:58,资料,pdf,data|factor|ml,P1,corrected,skim_then_extract,2026-05-22T22:47:13,reviewed,corrections_logged,notes/短周期高频因子与调仓优化学习笔记.md;replication_reports/海通短周期高频因子与调仓优化复盘.md;strategy_lab/rebalance_optimization.py;factor_library/高频因子组合应用与调仓优化.md
资料\卖方金工研报\海通报告\2020-05-28_海通证券_选股因子系列研究（六十五）：剔除高频因子空头组合后的中证500指数增强策略.pdf,2020-05-28_海通证券_选股因子系列研究（六十五）：剔除高频因子空头组合后的中证500指数增强策略.pdf,.pdf,728177,2026-05-21T23:42:58,资料,pdf,factor|portfolio,P1,corrected,skim_then_extract,2026-05-22T22:52:32,reviewed,corrections_logged,notes/高频空头效应与多头失效修正学习笔记.md;replication_reports/海通高频空头效应与多头失效修正复盘.md;strategy_lab/rebalance_optimization.py;factor_library/高频空头效应与多头失效.md
资料\卖方金工研报\海通报告\2020-06-22_海通证券_选股因子系列研究（六十六）：寻找逐笔交易中的有效信息.pdf,2020-06-22_海通证券_选股因子系列研究（六十六）：寻找逐笔交易中的有效信息.pdf,.pdf,888676,2026-05-21T23:42:58,资料,pdf,factor,P1,corrected,skim_then_extract,2026-05-22T22:39:01,reviewed,corrections_logged,notes/逐笔成交知情交易与有效信息学习笔记.md;replication_reports/海通逐笔成交知情交易与有效信息复盘.md;strategy_lab/order_flow_factors.py;factor_library/资金流向与大单行为因子.md
资料\卖方金工研报\海通报告\2020-06-24_海通证券_选股因子系列研究（六十七）：短周期高频因子与组合调仓收益增强.pdf,2020-06-24_海通证券_选股因子系列研究（六十七）：短周期高频因子与组合调仓收益增强.pdf,.pdf,3333094,2026-05-21T23:42:58,资料,pdf,factor|portfolio,P1,corrected,skim_then_extract,2026-05-22T22:47:13,reviewed,corrections_logged,notes/短周期高频因子与调仓优化学习笔记.md;replication_reports/海通短周期高频因子与调仓优化复盘.md;strategy_lab/rebalance_optimization.py;factor_library/高频因子组合应用与调仓优化.md
资料\卖方金工研报\海通报告\2020-07-08_海通证券_选股因子系列研究（六十八）：基金重仓超配因子及其对指数增强组合的影响.pdf,2020-07-08_海通证券_选股因子系列研究（六十八）：基金重仓超配因子及其对指数增强组合的影响.pdf,.pdf,1523946,2026-05-21T23:42:58,资料,pdf,factor|portfolio|fund_etf,P1,corrected,skim_then_extract,2026-05-23T11:32:51,reviewed,corrections_logged,notes/机构持仓价值组合与盈利加速学习笔记.md;replication_reports/海通机构持仓价值组合与盈利加速复盘.md;strategy_lab/fundamental_factor_portfolios.py;factor_library/机构持仓价值与盈利加速因子.md
资料\卖方金工研报\海通报告\2020-07-30_海通证券_选股因子系列研究（六十九）：高频因子的现实与幻想.pdf,2020-07-30_海通证券_选股因子系列研究（六十九）：高频因子的现实与幻想.pdf,.pdf,3462509,2026-05-21T23:42:58,资料,pdf,factor,P1,corrected,skim_then_extract,2026-05-22T22:47:13,reviewed,corrections_logged,notes/短周期高频因子与调仓优化学习笔记.md;replication_reports/海通短周期高频因子与调仓优化复盘.md;strategy_lab/rebalance_optimization.py;factor_library/高频因子组合应用与调仓优化.md
资料\卖方金工研报\海通报告\2020-08-31_海通证券_选股因子系列研究（七十）：日内市场微观结构与高频因子选股能力.pdf,2020-08-31_海通证券_选股因子系列研究（七十）：日内市场微观结构与高频因子选股能力.pdf,.pdf,835338,2026-05-21T23:42:58,资料,pdf,factor,P1,corrected,complete,2026-05-23,reviewed,corrected,round46_intraday_bigorder_roe_style_cluster
资料\卖方金工研报\海通报告\2020-12-18_海通证券_选股因子系列研究（七十一）：逐笔大单因子与大资金行为.pdf,2020-12-18_海通证券_选股因子系列研究（七十一）：逐笔大单因子与大资金行为.pdf,.pdf,2156677,2026-05-21T23:42:58,资料,pdf,factor,P1,corrected,skim_then_extract,2026-05-22T22:17:10,reviewed,corrections_logged,notes/资金流向与大资金行为学习笔记.md;factor_library/资金流向与大单行为因子.md;replication_reports/华泰海通资金流向与大资金行为复盘.md;strategy_lab/order_flow_factors.py
资料\卖方金工研报\海通报告\2021-01-20_海通证券_选股因子系列研究（七十二）：大单的精细化处理与大单因子重构.pdf,2021-01-20_海通证券_选股因子系列研究（七十二）：大单的精细化处理与大单因子重构.pdf,.pdf,2023315,2026-05-21T23:42:58,资料,pdf,factor,P1,corrected,complete,2026-05-23,reviewed,corrected,round46_intraday_bigorder_roe_style_cluster
资料\卖方金工研报\海通报告\2021-03-18_海通证券_选股因子系列研究（七十三）：使用基本面逻辑改进ROE因子.pdf,2021-03-18_海通证券_选股因子系列研究（七十三）：使用基本面逻辑改进ROE因子.pdf,.pdf,2106729,2026-05-21T23:42:58,资料,pdf,factor,P1,corrected,complete,2026-05-23,reviewed,corrected,round46_intraday_bigorder_roe_style_cluster
资料\卖方金工研报\海通报告\2021-12-02_海通证券_选股因子系列研究（七十四）：基于风格特征的股票重新分类及应用.pdf,2021-12-02_海通证券_选股因子系列研究（七十四）：基于风格特征的股票重新分类及应用.pdf,.pdf,2078253,2026-05-21T23:42:58,资料,pdf,factor,P1,corrected,complete,2026-05-23,reviewed,corrected,round46_intraday_bigorder_roe_style_cluster
资料\卖方金工研报\海通报告\2021-12-27_海通证券_选股因子系列研究（七十五）：限价订单簿（LOB）的还原和应用.pdf,2021-12-27_海通证券_选股因子系列研究（七十五）：限价订单簿（LOB）的还原和应用.pdf,.pdf,2703991,2026-05-21T23:42:58,资料,pdf,factor,P1,corrected,complete,2026-05-23,reviewed,corrected,round47_lob_deep_highfreq_attention
资料\卖方金工研报\海通报告\2021-12-28_海通证券_选股因子系列研究（七十六）：基于深度学习的高频因子挖掘.pdf,2021-12-28_海通证券_选股因子系列研究（七十六）：基于深度学习的高频因子挖掘.pdf,.pdf,2173777,2026-05-21T23:42:58,资料,pdf,factor|ml,P1,corrected,complete,2026-05-23,reviewed,corrected,round47_lob_deep_highfreq_attention
资料\卖方金工研报\海通报告\2022-04-07_海通证券_选股因子系列研究（七十七）：改进深度学习高频因子的9个尝试.pdf,2022-04-07_海通证券_选股因子系列研究（七十七）：改进深度学习高频因子的9个尝试.pdf,.pdf,459776,2026-05-21T23:42:58,资料,pdf,factor|ml,P1,corrected,complete_external_source,2026-05-23,reviewed,corrected_with_external_source_pdf_corrupt_local,round51_deep_highfreq_9_attempts_external_source
资料\卖方金工研报\海通报告\2022-04-18_海通证券_选股因子系列研究（七十八）：构造A股价值组合的三种范式.pdf,2022-04-18_海通证券_选股因子系列研究（七十八）：构造A股价值组合的三种范式.pdf,.pdf,2249746,2026-05-21T23:42:58,资料,pdf,factor|portfolio,P1,corrected,skim_then_extract,2026-05-23T11:32:51,reviewed,corrections_logged,notes/机构持仓价值组合与盈利加速学习笔记.md;replication_reports/海通机构持仓价值组合与盈利加速复盘.md;strategy_lab/fundamental_factor_portfolios.py;factor_library/机构持仓价值与盈利加速因子.md
资料\卖方金工研报\海通报告\2022-05-31_海通证券_选股因子系列研究（七十九）：用注意力机制优化深度学习高频因子.pdf,2022-05-31_海通证券_选股因子系列研究（七十九）：用注意力机制优化深度学习高频因子.pdf,.pdf,2500035,2026-05-21T23:42:58,资料,pdf,factor|portfolio|ml,P1,corrected,complete,2026-05-23,reviewed,corrected,round47_lob_deep_highfreq_attention
资料\卖方金工研报\海通报告\2022-06-06_海通证券_注选股因子系列研究（八十）：股票久期的定义、溢价及应用.pdf,2022-06-06_海通证券_注选股因子系列研究（八十）：股票久期的定义、溢价及应用.pdf,.pdf,2212270,2026-05-21T23:42:58,资料,pdf,factor,P1,corrected,complete,2026-05-23,reviewed,corrected,round48_duration_profit_intangible_mixedfreq
资料\卖方金工研报\海通报告\2022-06-21_海通证券_选股因子系列研究（八十一）：净利润相关指标的进一步改进.pdf,2022-06-21_海通证券_选股因子系列研究（八十一）：净利润相关指标的进一步改进.pdf,.pdf,2041258,2026-05-21T23:42:58,资料,pdf,factor,P1,corrected,complete,2026-05-23,reviewed,corrected,round48_duration_profit_intangible_mixedfreq
资料\卖方金工研报\海通报告\2022-07-11_海通证券_选股因子系列研究（八十二）：不可忽视的无形资产.pdf,2022-07-11_海通证券_选股因子系列研究（八十二）：不可忽视的无形资产.pdf,.pdf,2332234,2026-05-21T23:42:58,资料,pdf,factor,P1,corrected,complete,2026-05-23,reviewed,corrected,round48_duration_profit_intangible_mixedfreq
资料\卖方金工研报\海通报告\2022-08-18_海通证券_选股因子系列研究（八十三）：盈利加速的定量刻画与高增长组合的构建.pdf,2022-08-18_海通证券_选股因子系列研究（八十三）：盈利加速的定量刻画与高增长组合的构建.pdf,.pdf,2165471,2026-05-21T23:42:58,资料,pdf,factor|portfolio,P1,corrected,skim_then_extract,2026-05-23T11:32:51,reviewed,corrections_logged,notes/机构持仓价值组合与盈利加速学习笔记.md;replication_reports/海通机构持仓价值组合与盈利加速复盘.md;strategy_lab/fundamental_factor_portfolios.py;factor_library/机构持仓价值与盈利加速因子.md
资料\卖方金工研报\海通报告\2022-09-15_海通证券_选股因子系列研究（八十四）：选股因子的季节效应及其成因.pdf,2022-09-15_海通证券_选股因子系列研究（八十四）：选股因子的季节效应及其成因.pdf,.pdf,2439519,2026-05-21T23:42:58,资料,pdf,factor,P1,corrected,skim_then_extract,2026-05-23T11:40:00,reviewed,corrections_logged,notes/因子季节效应主动成交与深度学习特征工程学习笔记.md;replication_reports/海通季节效应主动成交与深度学习特征工程复盘.md;factor_library/季节效应主动成交与深度学习特征工程.md;strategy_lab/factor_timing_seasonality.py;strategy_lab/ml_feature_engineering.py;strategy_lab/order_flow_factors.py
资料\卖方金工研报\海通报告\2022-10-24_海通证券_选股因子系列研究（八十五）：买卖单主动成交中的隐藏信息.pdf,2022-10-24_海通证券_选股因子系列研究（八十五）：买卖单主动成交中的隐藏信息.pdf,.pdf,2441187,2026-05-21T23:42:58,资料,pdf,factor,P1,corrected,skim_then_extract,2026-05-23T11:40:00,reviewed,corrections_logged,notes/因子季节效应主动成交与深度学习特征工程学习笔记.md;replication_reports/海通季节效应主动成交与深度学习特征工程复盘.md;factor_library/季节效应主动成交与深度学习特征工程.md;strategy_lab/factor_timing_seasonality.py;strategy_lab/ml_feature_engineering.py;strategy_lab/order_flow_factors.py
资料\卖方金工研报\海通报告\2023-01-30_海通证券_选股因子系列研究（八十六）：深度学习高频因子的特征工程.pdf,2023-01-30_海通证券_选股因子系列研究（八十六）：深度学习高频因子的特征工程.pdf,.pdf,2999517,2026-05-21T23:42:58,资料,pdf,factor|ml,P1,corrected,skim_then_extract,2026-05-23T11:40:00,reviewed,corrections_logged,notes/因子季节效应主动成交与深度学习特征工程学习笔记.md;replication_reports/海通季节效应主动成交与深度学习特征工程复盘.md;factor_library/季节效应主动成交与深度学习特征工程.md;strategy_lab/factor_timing_seasonality.py;strategy_lab/ml_feature_engineering.py;strategy_lab/order_flow_factors.py
资料\卖方金工研报\海通报告\2023-05-14_海通证券_选股因子系列研究（八十七）：高频与日度量价数据混合的深度学习因子.pdf,2023-05-14_海通证券_选股因子系列研究（八十七）：高频与日度量价数据混合的深度学习因子.pdf,.pdf,444416,2026-05-21T23:42:58,资料,pdf,data|factor|ml,P1,corrected,complete,2026-05-23,reviewed,corrected_with_official_source,round48_duration_profit_intangible_mixedfreq
资料\卖方金工研报\海通报告\2023-09-12_海通证券_选股因子系列研究（八十八）：多颗粒度特征的深度学习模型-探索和对比.pdf,2023-09-12_海通证券_选股因子系列研究（八十八）：多颗粒度特征的深度学习模型-探索和对比.pdf,.pdf,3176552,2026-05-21T23:42:58,资料,pdf,factor|ml,P1,corrected,skim_then_extract,2026-05-23T11:40:00,reviewed,corrections_logged,notes/因子季节效应主动成交与深度学习特征工程学习笔记.md;replication_reports/海通季节效应主动成交与深度学习特征工程复盘.md;factor_library/季节效应主动成交与深度学习特征工程.md;strategy_lab/factor_timing_seasonality.py;strategy_lab/ml_feature_engineering.py;strategy_lab/order_flow_factors.py
资料\卖方金工研报\海通报告\2023-10-25_海通证券_选股因子系列研究（八十九）：买入评级因子的改进及其在大盘股优选策略中的应用.pdf,2023-10-25_海通证券_选股因子系列研究（八十九）：买入评级因子的改进及其在大盘股优选策略中的应用.pdf,.pdf,2159724,2026-05-21T23:42:58,资料,pdf,factor,P1,corrected,skim_then_extract,2026-05-23T11:52:52,reviewed,corrected,notes/分析师评级红利投资容量成本与模型动物园学习笔记.md;factor_library/分析师评级红利容量与模型集成因子.md;replication_reports/海通分析师评级红利投资容量成本与模型动物园复盘.md;strategy_lab/analyst_rating_factors.py;strategy_lab/dividend_strategy.py;strategy_lab/trading_cost_capacity.py;strategy_lab/model_zoo_ensemble.py
资料\卖方金工研报\海通报告\2023-11-19_海通证券_选股因子系列研究（九十）：理解红利投资，加入红利投资，超越红利投资.pdf,2023-11-19_海通证券_选股因子系列研究（九十）：理解红利投资，加入红利投资，超越红利投资.pdf,.pdf,3763904,2026-05-21T23:42:58,资料,pdf,factor,P1,corrected,skim_then_extract,2026-05-23T11:52:52,reviewed,corrected,notes/分析师评级红利投资容量成本与模型动物园学习笔记.md;factor_library/分析师评级红利容量与模型集成因子.md;replication_reports/海通分析师评级红利投资容量成本与模型动物园复盘.md;strategy_lab/analyst_rating_factors.py;strategy_lab/dividend_strategy.py;strategy_lab/trading_cost_capacity.py;strategy_lab/model_zoo_ensemble.py
资料\卖方金工研报\海通报告\2023-12-13_海通证券_选股因子系列研究（九十一）：组合规模、交易成本和大单冲击对因子表现的影响分析.pdf,2023-12-13_海通证券_选股因子系列研究（九十一）：组合规模、交易成本和大单冲击对因子表现的影响分析.pdf,.pdf,2451205,2026-05-21T23:42:58,资料,pdf,factor|portfolio|execution,P1,corrected,skim_then_extract,2026-05-23T11:52:52,reviewed,corrected,notes/分析师评级红利投资容量成本与模型动物园学习笔记.md;factor_library/分析师评级红利容量与模型集成因子.md;replication_reports/海通分析师评级红利投资容量成本与模型动物园复盘.md;strategy_lab/analyst_rating_factors.py;strategy_lab/dividend_strategy.py;strategy_lab/trading_cost_capacity.py;strategy_lab/model_zoo_ensemble.py
资料\卖方金工研报\海通报告\2023-12-27_海通证券_选股因子系列研究（九十二）：组合约束对其收益表现的影响分析.pdf,2023-12-27_海通证券_选股因子系列研究（九十二）：组合约束对其收益表现的影响分析.pdf,.pdf,1798784,2026-05-21T23:42:58,资料,pdf,factor|portfolio,P1,corrected,skim_then_extract,2026-05-22T22:05:41,reviewed,corrections_logged,notes/个股加权与组合约束学习笔记.md;replication_reports/海通个股加权与组合约束复盘.md;strategy_lab/portfolio_weighting_constraints.py
资料\卖方金工研报\海通报告\2024-01-26_海通证券_选股因子系列研究（九十三）：深度学习因子的“模型动物园”.pdf,2024-01-26_海通证券_选股因子系列研究（九十三）：深度学习因子的“模型动物园”.pdf,.pdf,3015070,2026-05-21T23:42:58,资料,pdf,factor|ml,P1,corrected,skim_then_extract,2026-05-23T11:53:14,reviewed,corrected,notes/分析师评级红利投资容量成本与模型动物园学习笔记.md;factor_library/分析师评级红利容量与模型集成因子.md;replication_reports/海通分析师评级红利投资容量成本与模型动物园复盘.md;strategy_lab/model_zoo_ensemble.py
资料\卖方金工研报\海通报告\2_选股因子研究系列（二）：因子模型的尾部相关性研究-海通证券 - 副本.pdf,2_选股因子研究系列（二）：因子模型的尾部相关性研究-海通证券 - 副本.pdf,.pdf,1802249,2026-05-21T23:42:58,资料,pdf,factor,P1,corrected,complete,2026-05-23,reviewed,corrected,round49_tail_extreme_net_turnover
资料\卖方金工研报\海通报告\3_选股因子研究系列（三）——从Spearman相关系数出发研究因子有效性.pdf,3_选股因子研究系列（三）——从Spearman相关系数出发研究因子有效性.pdf,.pdf,497620,2026-05-21T23:42:58,资料,pdf,factor,P1,corrected,skim_then_extract,2026-05-22T21:57:06,reviewed,corrections_logged,notes/研报阅读路线与Spearman因子有效性学习笔记.md;replication_reports/海通Spearman相关系数因子有效性复盘.md
资料\卖方金工研报\海通报告\4_选股因子研究系列（四）：多因子选股模型的有效与失效-海通证券 - 副本.pdf,4_选股因子研究系列（四）：多因子选股模型的有效与失效-海通证券 - 副本.pdf,.pdf,810396,2026-05-21T23:42:58,资料,pdf,factor,P1,corrected,complete,2026-05-23,reviewed,corrected,round49_tail_extreme_net_turnover
资料\卖方金工研报\海通报告\5_选股因子研究系列（五）——寻找股价驱动新因子之净换手率.pdf,5_选股因子研究系列（五）——寻找股价驱动新因子之净换手率.pdf,.pdf,1100249,2026-05-21T23:42:58,资料,pdf,factor|execution,P1,corrected,complete,2026-05-23,reviewed,corrected,round49_tail_extreme_net_turnover
资料\卖方金工研报\海通报告\6_选股因子研究系列（六）——极值视角下的多因子选股策略.pdf,6_选股因子研究系列（六）——极值视角下的多因子选股策略.pdf,.pdf,519875,2026-05-21T23:42:58,资料,pdf,factor,P1,corrected,complete,2026-05-23,reviewed,corrected,round49_tail_extreme_net_turnover
资料\卖方金工研报\海通报告\7_选股因子研究系列（七）——融资推动股价明显，融券作用有限.pdf,7_选股因子研究系列（七）——融资推动股价明显，融券作用有限.pdf,.pdf,1391111,2026-05-21T23:42:58,资料,pdf,factor,P1,corrected,complete,2026-05-23,reviewed,corrected,round50_behavior_altdata_technical_timing
资料\卖方金工研报\海通报告\8_选股因子研究系列（八）——单因子多策略组合.pdf,8_选股因子研究系列（八）——单因子多策略组合.pdf,.pdf,1421069,2026-05-21T23:42:58,资料,pdf,factor|portfolio,P1,corrected,complete,2026-05-23,reviewed,corrected,round50_behavior_altdata_technical_timing
资料\卖方金工研报\海通报告\9_选股因子研究系列（九）——上市公司薪酬那点事.pdf,9_选股因子研究系列（九）——上市公司薪酬那点事.pdf,.pdf,1436905,2026-05-21T23:42:58,资料,pdf,factor,P1,corrected,complete,2026-05-23,reviewed,corrected,round50_behavior_altdata_technical_timing
资料\卖方金工研报\量化前景\2020-09-08_海通证券_金融工程_金融工程专题报告：准另类数据与因子投资（刘洋溢博士）.pdf,2020-09-08_海通证券_金融工程_金融工程专题报告：准另类数据与因子投资（刘洋溢博士）.pdf,.pdf,2964522,2026-05-21T23:42:58,资料,pdf,data|factor,P1,corrected,complete,2026-05-23,reviewed,corrected,round50_behavior_altdata_technical_timing
资料\技术指标回测代码\广发金融工程：125 个经典技术指标择时分析.pdf,广发金融工程：125 个经典技术指标择时分析.pdf,.pdf,6099120,2026-05-21T23:42:58,资料,pdf,backtest|timing,P1,corrected,complete,2026-05-23,reviewed,corrected,round50_behavior_altdata_technical_timing
