path,name,extension,size_bytes,modified_time,top_dir,doc_type,topic_tags,priority_hint,status,next_action
00-量化研究框架.md,00-量化研究框架.md,.md,7059,2026-05-22T00:36:36,.,markdown,foundation,P0,new,deep_read
01-量化研究入门课程.md,01-量化研究入门课程.md,.md,15897,2026-05-22T02:48:31,.,markdown,foundation,P0,new,deep_read
课程详细版\00-课程目录.md,00-课程目录.md,.md,5224,2026-05-22T02:48:14,课程详细版,markdown,foundation,P0,new,deep_read
课程详细版\01-什么是量化研究.md,01-什么是量化研究.md,.md,10232,2026-05-22T20:26:33,课程详细版,markdown,foundation,P0,new,deep_read
课程详细版\02-研究对象是什么.md,02-研究对象是什么.md,.md,12031,2026-05-22T02:29:33,课程详细版,markdown,foundation,P0,new,deep_read
课程详细版\03-数据是什么.md,03-数据是什么.md,.md,10010,2026-05-22T02:30:02,课程详细版,markdown,foundation|data,P0,new,deep_read
课程详细版\04-收益和风险.md,04-收益和风险.md,.md,5950,2026-05-22T02:16:31,课程详细版,markdown,foundation|risk,P0,new,deep_read
课程详细版\05-指标因子信号策略.md,05-指标因子信号策略.md,.md,6489,2026-05-22T02:16:31,课程详细版,markdown,foundation|factor,P0,new,deep_read
课程详细版\06-回测是什么.md,06-回测是什么.md,.md,9086,2026-05-22T02:50:28,课程详细版,markdown,foundation|backtest,P0,new,deep_read
课程详细版\07-基准和超额收益.md,07-基准和超额收益.md,.md,5127,2026-05-22T02:16:31,课程详细版,markdown,foundation,P0,new,deep_read
课程详细版\08-因子研究入门.md,08-因子研究入门.md,.md,9122,2026-05-22T02:50:27,课程详细版,markdown,foundation|factor,P0,new,deep_read
课程详细版\09-因子怎么评价.md,09-因子怎么评价.md,.md,9390,2026-05-22T02:50:28,课程详细版,markdown,foundation|factor,P0,new,deep_read
课程详细版\10-组合是什么.md,10-组合是什么.md,.md,5313,2026-05-22T02:50:44,课程详细版,markdown,foundation|portfolio,P0,new,deep_read
课程详细版\11-风险控制.md,11-风险控制.md,.md,9205,2026-05-22T02:50:45,课程详细版,markdown,foundation|risk,P0,new,deep_read
课程详细版\12-量化研究报告.md,12-量化研究报告.md,.md,8539,2026-05-22T02:50:45,课程详细版,markdown,foundation,P0,new,deep_read
课程详细版\2026最新量化研究趋势.md,2026最新量化研究趋势.md,.md,10278,2026-05-22T02:50:05,课程详细版,markdown,foundation|timing,P0,new,deep_read
课程详细版\30天执行课程.md,30天执行课程.md,.md,17485,2026-05-22T20:26:34,课程详细版,markdown,foundation|execution,P0,new,deep_read
课程详细版\30轮小白学习迭代记录.md,30轮小白学习迭代记录.md,.md,17471,2026-05-22T02:25:51,课程详细版,markdown,foundation,P0,new,deep_read
课程详细版\ETF动量轮动研究系统示例.md,ETF动量轮动研究系统示例.md,.md,5532,2026-05-22T02:46:07,课程详细版,markdown,foundation|timing|fund_etf,P0,new,deep_read
课程详细版\KDJ代码精读.md,KDJ代码精读.md,.md,6381,2026-05-22T02:02:10,课程详细版,markdown,foundation|timing,P0,new,deep_read
课程详细版\从KDJ到第一个因子研究.md,从KDJ到第一个因子研究.md,.md,6364,2026-05-22T02:46:07,课程详细版,markdown,foundation|factor|timing,P0,new,deep_read
课程详细版\从零搭建研究系统实操课.md,从零搭建研究系统实操课.md,.md,6757,2026-05-22T02:48:38,课程详细版,markdown,foundation,P0,new,deep_read
课程详细版\低PB因子研究系统示例.md,低PB因子研究系统示例.md,.md,5950,2026-05-22T02:46:08,课程详细版,markdown,foundation|factor,P0,new,deep_read
课程详细版\回测配置与风控模板.md,回测配置与风控模板.md,.md,5996,2026-05-22T02:46:07,课程详细版,markdown,foundation|backtest|risk,P0,new,deep_read
课程详细版\因子定义与评价模板.md,因子定义与评价模板.md,.md,6726,2026-05-22T02:46:07,课程详细版,markdown,foundation|factor,P0,new,deep_read
课程详细版\学习迭代记录.md,学习迭代记录.md,.md,4103,2026-05-22T02:15:50,课程详细版,markdown,foundation,P0,new,deep_read
课程详细版\小白常见问题详解.md,小白常见问题详解.md,.md,3112,2026-05-22T02:28:47,课程详细版,markdown,foundation,P0,new,deep_read
课程详细版\核心概念辨析卡.md,核心概念辨析卡.md,.md,4671,2026-05-22T02:00:18,课程详细版,markdown,foundation,P0,new,deep_read
课程详细版\概念例子库.md,概念例子库.md,.md,7287,2026-05-22T02:28:46,课程详细版,markdown,foundation,P0,new,deep_read
课程详细版\毕业作业与进阶路线.md,毕业作业与进阶路线.md,.md,5889,2026-05-22T02:46:08,课程详细版,markdown,foundation,P0,new,deep_read
课程详细版\深度概念手册.md,深度概念手册.md,.md,22644,2026-05-22T02:25:05,课程详细版,markdown,foundation,P0,new,deep_read
课程详细版\研报阅读路线.md,研报阅读路线.md,.md,6174,2026-05-22T02:02:10,课程详细版,markdown,foundation,P0,new,deep_read
课程详细版\量化研究系统搭建路线图.md,量化研究系统搭建路线图.md,.md,12570,2026-05-22T02:49:49,课程详细版,markdown,foundation,P0,new,deep_read
课程详细版\阶段测验与第一份研究作业.md,阶段测验与第一份研究作业.md,.md,6002,2026-05-22T02:48:45,课程详细版,markdown,foundation,P0,new,deep_read
课程详细版\项目材料使用索引.md,项目材料使用索引.md,.md,11148,2026-05-22T02:49:14,课程详细版,markdown,foundation,P0,new,deep_read
课程详细版\项目材料精读路线.md,项目材料精读路线.md,.md,5382,2026-05-22T02:49:38,课程详细版,markdown,foundation,P0,new,deep_read
论文\投资者情绪相关论文\NLP Learning Books\「59页PDF」非技术也能看懂的 NLP 入门科普.pdf,「59页PDF」非技术也能看懂的 NLP 入门科普.pdf,.pdf,3767641,2026-05-21T23:42:56,论文,pdf,foundation|sentiment,P0,new,deep_read
资料\卖方金工研报\华泰人工智能\华泰证券-华泰人工智能系列之1：人工智能选股框架及经典算法简介.pdf,华泰证券-华泰人工智能系列之1：人工智能选股框架及经典算法简介.pdf,.pdf,3046502,2026-05-21T23:42:57,资料,pdf,foundation|ml,P0,new,deep_read
资料\卖方金工研报\华泰人工智能\华泰证券-华泰人工智能系列之22：基于CSCV框架的回测过拟合概率.pdf,华泰证券-华泰人工智能系列之22：基于CSCV框架的回测过拟合概率.pdf,.pdf,2552291,2026-05-21T23:42:57,资料,pdf,foundation|backtest|ml,P0,new,deep_read
资料\卖方金工研报\基金研究\2021-09-12_华安证券_基金研究系列之八：基金投资如何选准对标的“锚”-分类标签框架介绍.pdf,2021-09-12_华安证券_基金研究系列之八：基金投资如何选准对标的“锚”-分类标签框架介绍.pdf,.pdf,3104276,2026-05-21T23:42:57,资料,pdf,foundation|fund_etf,P0,new,deep_read
资料\卖方金工研报\基金研究\2023-05-15_浙商证券_权益基金专题研究：权益基金池体系与研究框架.pdf,2023-05-15_浙商证券_权益基金专题研究：权益基金池体系与研究框架.pdf,.pdf,1896498,2026-05-21T23:42:57,资料,pdf,foundation|fund_etf,P0,new,deep_read
资料\卖方金工研报\海通报告\2017-06-13_海通证券_选股因子系列研究（二十）：基于条件期望的因子择时框架.pdf,2017-06-13_海通证券_选股因子系列研究（二十）：基于条件期望的因子择时框架.pdf,.pdf,2256464,2026-05-21T23:42:58,资料,pdf,foundation|factor|timing,P0,new,deep_read
资料\技术指标回测代码\main.py,main.py,.py,2365,2026-05-21T23:42:58,资料,code,backtest|timing|ml,P1,new,skim_then_extract
资料\技术指标回测代码\technical.py,technical.py,.py,811,2026-05-21T23:42:58,资料,code,backtest|timing,P1,new,skim_then_extract
资料\技术指标回测代码\各类技术指标合集.xlsx,各类技术指标合集.xlsx,.xlsx,35001,2026-05-21T23:42:58,资料,data,backtest|timing,P1,new,skim_then_extract
factor_library\factor_card_template.md,factor_card_template.md,.md,195,2026-05-22T21:04:52,factor_library,markdown,factor,P1,new,skim_then_extract
论文\AI金融论文整理\topics\factor-mining.md,factor-mining.md,.md,2639,2026-05-21T23:42:56,论文,markdown,factor|ml,P1,new,skim_then_extract
论文\AI金融论文整理\topics\portfolio-risk.md,portfolio-risk.md,.md,34776,2026-05-21T23:42:56,论文,markdown,portfolio|risk|ml,P1,new,skim_then_extract
资料\回测.md,回测.md,.md,389,2026-05-21T23:42:58,资料,markdown,backtest,P1,new,skim_then_extract
资料\因子挖掘.md,因子挖掘.md,.md,1786,2026-05-21T23:42:58,资料,markdown,factor,P1,new,skim_then_extract
资料\投资组合优化与风控.md,投资组合优化与风控.md,.md,594,2026-05-21T23:42:58,资料,markdown,portfolio|risk,P1,new,skim_then_extract
资料\技术指标回测代码\.DS_Store,.DS_Store,none,8196,2026-05-21T23:42:58,资料,other,backtest|timing,P1,new,skim_then_extract
资料\技术指标回测代码\技术指标编写说明.txt,技术指标编写说明.txt,.txt,3014,2026-05-21T23:42:58,资料,other,backtest|timing,P1,new,skim_then_extract
论文\投资者情绪相关论文\Papers in Teacher's book\在线社区支持倾向对股市收益和波动的影响_钱宇.pdf,在线社区支持倾向对股市收益和波动的影响_钱宇.pdf,.pdf,1909410,2026-05-21T23:42:56,论文,pdf,risk|sentiment,P1,new,skim_then_extract
论文\投资者情绪相关论文\Top Journals\管理世界\投资者情绪、内在价值估计与...格波动——市场情绪指数假说_丁志国.pdf,投资者情绪、内在价值估计与...格波动——市场情绪指数假说_丁志国.pdf,.pdf,297750,2026-05-21T23:42:56,论文,pdf,risk|sentiment,P1,new,skim_then_extract
论文\投资者情绪相关论文\Top Journals\管理科学学报\投资者情绪与时变风险补偿系数_贺志芳.pdf,投资者情绪与时变风险补偿系数_贺志芳.pdf,.pdf,449704,2026-05-21T23:42:56,论文,pdf,risk|sentiment,P1,new,skim_then_extract
论文\投资者情绪相关论文\Top Journals\经济研究\中国股市收益、收益波动与投资者情绪_王美今.pdf,中国股市收益、收益波动与投资者情绪_王美今.pdf,.pdf,562297,2026-05-21T23:42:56,论文,pdf,risk|sentiment,P1,new,skim_then_extract
论文\投资者情绪相关论文\Top Journals\经济研究\情绪波动和资产价格波动_陈彦斌.pdf,情绪波动和资产价格波动_陈彦斌.pdf,.pdf,465931,2026-05-21T23:42:56,论文,pdf,risk|sentiment,P1,new,skim_then_extract
论文\投资者情绪相关论文\Top Journals\金融研究\全球投资者国别风险情绪对跨境股票资本流动的影响_谭小芬.pdf,全球投资者国别风险情绪对跨境股票资本流动的影响_谭小芬.pdf,.pdf,1367785,2026-05-21T23:42:56,论文,pdf,risk|sentiment,P1,new,skim_then_extract
论文\投资者情绪相关论文\Top Journals\金融研究\投资者情绪、主观信念调整与市场波动_张宗新.pdf,投资者情绪、主观信念调整与市场波动_张宗新.pdf,.pdf,1493201,2026-05-21T23:42:56,论文,pdf,risk|sentiment,P1,new,skim_then_extract
论文\投资者情绪相关论文\Top Journals\金融研究\投资者情绪、资产估值与股票市场波动_胡昌生.pdf,投资者情绪、资产估值与股票市场波动_胡昌生.pdf,.pdf,1457919,2026-05-21T23:42:56,论文,pdf,risk|sentiment,P1,new,skim_then_extract
论文\投资者情绪相关论文\Top Journals\金融研究\隐性杠杆约束、流动性风险和投资者情绪_祝小全.pdf,隐性杠杆约束、流动性风险和投资者情绪_祝小全.pdf,.pdf,864149,2026-05-21T23:42:56,论文,pdf,risk|sentiment,P1,new,skim_then_extract
论文\行为金融学论文\Commentary_ Has financial development made the world riskier.pdf,Commentary_ Has financial development made the world riskier.pdf,.pdf,64213,2026-05-21T23:42:56,论文,pdf,risk|behavioral,P1,new,skim_then_extract
论文\行为金融学论文\Exposition of a new theory on the measurement of risk.pdf,Exposition of a new theory on the measurement of risk.pdf,.pdf,1676071,2026-05-21T23:42:56,论文,pdf,risk|behavioral,P1,new,skim_then_extract
论文\行为金融学论文\Prospect Theory_ An Analysis of Decision under Risk.pdf,Prospect Theory_ An Analysis of Decision under Risk.pdf,.pdf,618421,2026-05-21T23:42:56,论文,pdf,risk|behavioral,P1,new,skim_then_extract
论文\行为金融学论文\The Journal of Finance - December 1994 - LAKONISHOK - Contrarian Investment  Extrapolation  and Risk.pdf,The Journal of Finance - December 1994 - LAKONISHOK - Contrarian Investment  Extrapolation  and Risk.pdf,.pdf,984196,2026-05-21T23:42:56,论文,pdf,risk|behavioral,P1,new,skim_then_extract
资料\卖方金工研报\华泰人工智能\华泰证券-华泰人工智能系列之21：基于遗传规划的选股因子挖掘.pdf,华泰证券-华泰人工智能系列之21：基于遗传规划的选股因子挖掘.pdf,.pdf,4379998,2026-05-21T23:42:57,资料,pdf,factor|ml,P1,new,skim_then_extract
资料\卖方金工研报\华泰人工智能\华泰证券-华泰人工智能系列之23：再探基于遗传规划的选股因子挖掘.pdf,华泰证券-华泰人工智能系列之23：再探基于遗传规划的选股因子挖掘.pdf,.pdf,9961547,2026-05-21T23:42:57,资料,pdf,factor|ml,P1,new,skim_then_extract
资料\卖方金工研报\华泰人工智能\华泰证券-华泰人工智能系列之32：AlphaNet：因子挖掘神经网络.pdf,华泰证券-华泰人工智能系列之32：AlphaNet：因子挖掘神经网络.pdf,.pdf,2549653,2026-05-21T23:42:57,资料,pdf,factor|ml,P1,new,skim_then_extract
资料\卖方金工研报\华泰人工智能\华泰证券-华泰人工智能系列之34：再探AlphaNet：结构和特征优化.pdf,华泰证券-华泰人工智能系列之34：再探AlphaNet：结构和特征优化.pdf,.pdf,2923460,2026-05-21T23:42:57,资料,pdf,factor|portfolio|ml,P1,new,skim_then_extract
资料\卖方金工研报\华泰人工智能\华泰证券-华泰人工智能系列之37：舆情因子和BERT情感分类模型.pdf,华泰证券-华泰人工智能系列之37：舆情因子和BERT情感分类模型.pdf,.pdf,3169318,2026-05-21T23:42:57,资料,pdf,factor|sentiment|ml,P1,new,skim_then_extract
资料\卖方金工研报\华泰人工智能\华泰证券-华泰人工智能系列之39：周频量价选股模型的组合优化实证.pdf,华泰证券-华泰人工智能系列之39：周频量价选股模型的组合优化实证.pdf,.pdf,2403471,2026-05-21T23:42:57,资料,pdf,portfolio|ml,P1,new,skim_then_extract
资料\卖方金工研报\华泰人工智能\华泰证券-华泰人工智能系列之41：基于BERT的分析师研报情感因子.pdf,华泰证券-华泰人工智能系列之41：基于BERT的分析师研报情感因子.pdf,.pdf,3437264,2026-05-21T23:42:57,资料,pdf,factor|ml,P1,new,skim_then_extract
资料\卖方金工研报\华泰多因子系列\20160921-华泰证券-多因子系列之一：华泰多因子模型体系初探.pdf,20160921-华泰证券-多因子系列之一：华泰多因子模型体系初探.pdf,.pdf,857629,2026-05-21T23:42:57,资料,pdf,factor,P1,new,skim_then_extract
资料\卖方金工研报\华泰多因子系列\20160929-华泰证券-多因子系列之二：华泰单因子测试之估值类因子.pdf,20160929-华泰证券-多因子系列之二：华泰单因子测试之估值类因子.pdf,.pdf,2736836,2026-05-21T23:42:57,资料,pdf,factor,P1,new,skim_then_extract
资料\卖方金工研报\华泰多因子系列\20161031-华泰证券-多因子系列之三：华泰单因子测试之成长类因子.pdf,20161031-华泰证券-多因子系列之三：华泰单因子测试之成长类因子.pdf,.pdf,3111355,2026-05-21T23:42:57,资料,pdf,factor,P1,new,skim_then_extract
资料\卖方金工研报\华泰多因子系列\20161220-华泰证券-多因子系列之四：华泰单因子测试之动量类因子.pdf,20161220-华泰证券-多因子系列之四：华泰单因子测试之动量类因子.pdf,.pdf,3097752,2026-05-21T23:42:57,资料,pdf,factor|timing,P1,new,skim_then_extract
资料\卖方金工研报\华泰多因子系列\20170109-华泰证券-多因子系列之五：华泰单因子测试之换手率类因子.pdf,20170109-华泰证券-多因子系列之五：华泰单因子测试之换手率类因子.pdf,.pdf,2995995,2026-05-21T23:42:57,资料,pdf,factor|execution,P1,new,skim_then_extract
资料\卖方金工研报\华泰多因子系列\20170327-华泰证券-多因子系列之六：华泰单因子测试之波动率类因子.pdf,20170327-华泰证券-多因子系列之六：华泰单因子测试之波动率类因子.pdf,.pdf,2625541,2026-05-21T23:42:57,资料,pdf,factor|risk,P1,new,skim_then_extract
资料\卖方金工研报\华泰多因子系列\20180517-华泰证券-多因子系列之七：华泰单因子测试之资金流向因子.pdf,20180517-华泰证券-多因子系列之七：华泰单因子测试之资金流向因子.pdf,.pdf,4353461,2026-05-21T23:42:57,资料,pdf,factor,P1,new,skim_then_extract
资料\卖方金工研报\华泰多因子系列\20180525-华泰证券-多因子系列之八：华泰单因子测试之财务质量因子.pdf,20180525-华泰证券-多因子系列之八：华泰单因子测试之财务质量因子.pdf,.pdf,7316059,2026-05-21T23:42:57,资料,pdf,factor,P1,new,skim_then_extract
资料\卖方金工研报\华泰多因子系列\20181214-华泰证券-多因子系列之九：华泰单因子测试之一致预期因子.pdf,20181214-华泰证券-多因子系列之九：华泰单因子测试之一致预期因子.pdf,.pdf,3882032,2026-05-21T23:42:57,资料,pdf,factor,P1,new,skim_then_extract
资料\卖方金工研报\华泰多因子系列\20190104-华泰证券-多因子系列之十：因子合成方法实证分析.pdf,20190104-华泰证券-多因子系列之十：因子合成方法实证分析.pdf,.pdf,1305515,2026-05-21T23:42:57,资料,pdf,factor,P1,new,skim_then_extract
资料\卖方金工研报\华泰多因子系列\20190521-华泰证券-多因子系列之十一：华泰单因子测试之海量技术因子.pdf,20190521-华泰证券-多因子系列之十一：华泰单因子测试之海量技术因子.pdf,.pdf,5037349,2026-05-21T23:42:57,资料,pdf,factor,P1,new,skim_then_extract
资料\卖方金工研报\华泰多因子系列\20190612-华泰证券-多因子系列之十二：桑土之防，结构化多因子风险模型.pdf,20190612-华泰证券-多因子系列之十二：桑土之防，结构化多因子风险模型.pdf,.pdf,2143554,2026-05-21T23:42:57,资料,pdf,factor|risk,P1,new,skim_then_extract
资料\卖方金工研报\华泰多因子系列\20191015-华泰证券-多因子系列之十三：华泰单因子测试之历史分位数因子.pdf,20191015-华泰证券-多因子系列之十三：华泰单因子测试之历史分位数因子.pdf,.pdf,4569320,2026-05-21T23:42:57,资料,pdf,factor,P1,new,skim_then_extract
资料\卖方金工研报\另类交易策略系列\另类交易策略系列之三十：探寻股指期货跨品种的最优组合.pdf,另类交易策略系列之三十：探寻股指期货跨品种的最优组合.pdf,.pdf,1537320,2026-05-21T23:42:57,资料,pdf,portfolio|derivatives,P1,new,skim_then_extract
资料\卖方金工研报\另类交易策略系列\另类交易策略系列之二：一类波动收敛突变模式的趋势跟随策略.pdf,另类交易策略系列之二：一类波动收敛突变模式的趋势跟随策略.pdf,.pdf,1230800,2026-05-21T23:42:57,资料,pdf,timing|risk,P1,new,skim_then_extract
资料\卖方金工研报\另类交易策略系列\另类交易策略系列之四：基于日内波动极值的股指期货趋势跟随系统.pdf,另类交易策略系列之四：基于日内波动极值的股指期货趋势跟随系统.pdf,.pdf,1745243,2026-05-21T23:42:57,资料,pdf,timing|risk|derivatives,P1,new,skim_then_extract
资料\卖方金工研报\基金研究\2023-03-22_浙商证券_公募基金研究体系：标签、因子、专题.pdf,2023-03-22_浙商证券_公募基金研究体系：标签、因子、专题.pdf,.pdf,1442600,2026-05-21T23:42:57,资料,pdf,factor|fund_etf,P1,new,skim_then_extract
资料\卖方金工研报\基金研究\中金 _ 归因溯源，繁中选优——公募基金因子评价体系.pdf,中金 _ 归因溯源，繁中选优——公募基金因子评价体系.pdf,.pdf,2706902,2026-05-21T23:42:57,资料,pdf,factor|fund_etf,P1,new,skim_then_extract
资料\卖方金工研报\多因子\2019-09-03_财通证券_“拾穗”多因子系列报告：当我们在做因子正交化的时候，我们在做什么？.pdf,2019-09-03_财通证券_“拾穗”多因子系列报告：当我们在做因子正交化的时候，我们在做什么？.pdf,.pdf,1330976,2026-05-21T23:42:57,资料,pdf,factor,P1,new,skim_then_extract
资料\卖方金工研报\多因子\2019-10-29_财通证券_“拾穗”多因子系列报告（第19期）：似是而非-横截面回归还是时间序列回归？.pdf,2019-10-29_财通证券_“拾穗”多因子系列报告（第19期）：似是而非-横截面回归还是时间序列回归？.pdf,.pdf,1825860,2026-05-21T23:42:57,资料,pdf,factor,P1,new,skim_then_extract
资料\卖方金工研报\多因子\国泰君安－基于短周期价量特征的多因子选股体系.pdf,国泰君安－基于短周期价量特征的多因子选股体系.pdf,.pdf,2024514,2026-05-21T23:42:57,资料,pdf,factor,P1,new,skim_then_extract
资料\卖方金工研报\海通报告\10_选股因子研究系列（十）——基于波段划分的动态反转因子.pdf,10_选股因子研究系列（十）——基于波段划分的动态反转因子.pdf,.pdf,934669,2026-05-21T23:42:57,资料,pdf,factor|timing,P1,new,skim_then_extract
资料\卖方金工研报\海通报告\1_选股因子研究系列（一）——A股市场的动量反转效应研究.pdf,1_选股因子研究系列（一）——A股市场的动量反转效应研究.pdf,.pdf,420702,2026-05-21T23:42:57,资料,pdf,factor|timing,P1,new,skim_then_extract
资料\卖方金工研报\海通报告\2016-06-06_海通证券_选股因子系列研究（十一）：Level2行情选股因子初探.pdf,2016-06-06_海通证券_选股因子系列研究（十一）：Level2行情选股因子初探.pdf,.pdf,1054948,2026-05-21T23:42:57,资料,pdf,factor,P1,new,skim_then_extract
资料\卖方金工研报\海通报告\2016-06-28_海通证券_选股因子系列研究（十二）-量与价的结合.pdf,2016-06-28_海通证券_选股因子系列研究（十二）-量与价的结合.pdf,.pdf,1212674,2026-05-21T23:42:57,资料,pdf,factor,P1,new,skim_then_extract
资料\卖方金工研报\海通报告\2016-07-20_海通证券_选股因子系列研究（十三）：因子大讲坛.pdf,2016-07-20_海通证券_选股因子系列研究（十三）：因子大讲坛.pdf,.pdf,1759090,2026-05-21T23:42:57,资料,pdf,factor,P1,new,skim_then_extract
资料\卖方金工研报\海通报告\2016-08-10_海通证券_选股因子系列研究（十四）：交易行为的波动和股票预期收益.pdf,2016-08-10_海通证券_选股因子系列研究（十四）：交易行为的波动和股票预期收益.pdf,.pdf,1214905,2026-05-21T23:42:57,资料,pdf,factor|risk,P1,new,skim_then_extract
资料\卖方金工研报\海通报告\2016-09-29_海通证券_选股因子系列研究（十五）：“博彩型”股票的预期收益.pdf,2016-09-29_海通证券_选股因子系列研究（十五）：“博彩型”股票的预期收益.pdf,.pdf,1245561,2026-05-21T23:42:57,资料,pdf,factor,P1,new,skim_then_extract
资料\卖方金工研报\海通报告\2016-09-31_海通证券_选股因子系列研究（十六）：选股因子空头收益的转化.pdf,2016-09-31_海通证券_选股因子系列研究（十六）：选股因子空头收益的转化.pdf,.pdf,1541109,2026-05-21T23:42:57,资料,pdf,factor,P1,new,skim_then_extract
资料\卖方金工研报\海通报告\2017-01-19_海通证券_选股因子系列研究（十七）：选股因子的正交.pdf,2017-01-19_海通证券_选股因子系列研究（十七）：选股因子的正交.pdf,.pdf,1656962,2026-05-21T23:42:57,资料,pdf,factor,P1,new,skim_then_extract
资料\卖方金工研报\海通报告\2017-03-28_海通证券_选股因子系列研究（十八）：价格形态选股因子.pdf,2017-03-28_海通证券_选股因子系列研究（十八）：价格形态选股因子.pdf,.pdf,1705746,2026-05-21T23:42:58,资料,pdf,factor,P1,new,skim_then_extract
资料\卖方金工研报\海通报告\2017-05-08_海通证券_选股因子系列研究（十九）：高频因子之股票收益分布特征.pdf,2017-05-08_海通证券_选股因子系列研究（十九）：高频因子之股票收益分布特征.pdf,.pdf,2174867,2026-05-21T23:42:58,资料,pdf,factor,P1,new,skim_then_extract
资料\卖方金工研报\海通报告\2017-06-28_海通证券_选股因子系列研究（二十一）：分析师一致预期相关因子.pdf,2017-06-28_海通证券_选股因子系列研究（二十一）：分析师一致预期相关因子.pdf,.pdf,3369057,2026-05-21T23:42:58,资料,pdf,factor,P1,new,skim_then_extract
资料\卖方金工研报\海通报告\2017-07-04_海通证券_选股因子系列研究（二十二）——分析师覆盖度与股票预期收益-.pdf,2017-07-04_海通证券_选股因子系列研究（二十二）——分析师覆盖度与股票预期收益-.pdf,.pdf,761447,2026-05-21T23:42:58,资料,pdf,factor,P1,new,skim_then_extract
资料\卖方金工研报\海通报告\2017-07-27_海通证券_选股因子系列研究（二十三）：历史财务信息对股票收益的预测能力.pdf,2017-07-27_海通证券_选股因子系列研究（二十三）：历史财务信息对股票收益的预测能力.pdf,.pdf,1694074,2026-05-21T23:42:58,资料,pdf,factor,P1,new,skim_then_extract
资料\卖方金工研报\海通报告\2017-08-29_海通证券_选股因子系列研究（二十四）：基于拟合优度和波动率调整的因子溢价估计.pdf,2017-08-29_海通证券_选股因子系列研究（二十四）：基于拟合优度和波动率调整的因子溢价估计.pdf,.pdf,1727037,2026-05-21T23:42:58,资料,pdf,factor|risk,P1,new,skim_then_extract
资料\卖方金工研报\海通报告\2017-09-11_海通证券_选股因子系列研究（二十五）：高频因子之已实现波动分解.pdf,2017-09-11_海通证券_选股因子系列研究（二十五）：高频因子之已实现波动分解.pdf,.pdf,979202,2026-05-21T23:42:58,资料,pdf,factor|risk,P1,new,skim_then_extract
资料\卖方金工研报\海通报告\2017-10-09_海通证券_选股因子系列研究（二十六）：因子加权、正交和择时的若干性质.pdf,2017-10-09_海通证券_选股因子系列研究（二十六）：因子加权、正交和择时的若干性质.pdf,.pdf,760315,2026-05-21T23:42:58,资料,pdf,factor|timing,P1,new,skim_then_extract
资料\卖方金工研报\海通报告\2017-10-18_海通证券_选股因子系列研究（二十七）：分位数回归在多因子选股中的应用.pdf,2017-10-18_海通证券_选股因子系列研究（二十七）：分位数回归在多因子选股中的应用.pdf,.pdf,1168014,2026-05-21T23:42:58,资料,pdf,factor,P1,new,skim_then_extract
资料\卖方金工研报\海通报告\2017-10-20_海通证券_选股因子系列研究（二十九）：——因子降维I：底层因子降维方法对比.pdf,2017-10-20_海通证券_选股因子系列研究（二十九）：——因子降维I：底层因子降维方法对比.pdf,.pdf,7844618,2026-05-21T23:42:58,资料,pdf,factor,P1,new,skim_then_extract
资料\卖方金工研报\海通报告\2017-11-01_海通证券_选股因子系列研究（二十八）：致预期质量分析.pdf,2017-11-01_海通证券_选股因子系列研究（二十八）：致预期质量分析.pdf,.pdf,739645,2026-05-21T23:42:58,资料,pdf,factor,P1,new,skim_then_extract
资料\卖方金工研报\海通报告\2017-12-26_海通证券_选股因子系列研究（三十）：因子择时模型改进与择时指标库构建.pdf,2017-12-26_海通证券_选股因子系列研究（三十）：因子择时模型改进与择时指标库构建.pdf,.pdf,870508,2026-05-21T23:42:58,资料,pdf,factor|timing,P1,new,skim_then_extract
资料\卖方金工研报\海通报告\2018-01-05_海通证券_选股因子系列研究（三十一）：因子择时指标的筛选.pdf,2018-01-05_海通证券_选股因子系列研究（三十一）：因子择时指标的筛选.pdf,.pdf,2435047,2026-05-21T23:42:58,资料,pdf,factor|timing,P1,new,skim_then_extract
资料\卖方金工研报\海通报告\2018-03-22_海通证券_选股因子系列研究（三十二）：因子择时在风险控制模型中的应用.pdf,2018-03-22_海通证券_选股因子系列研究（三十二）：因子择时在风险控制模型中的应用.pdf,.pdf,835712,2026-05-21T23:42:58,资料,pdf,factor|timing|risk,P1,new,skim_then_extract
资料\卖方金工研报\海通报告\2018-05-24_海通证券_选股因子系列研究（三十三）：预期调整类因子的收益特征.pdf,2018-05-24_海通证券_选股因子系列研究（三十三）：预期调整类因子的收益特征.pdf,.pdf,922753,2026-05-21T23:42:58,资料,pdf,factor,P1,new,skim_then_extract
资料\卖方金工研报\海通报告\2018-06-25_海通证券_选股因子系列研究（三十四）：宏观经济数据可以用来选股吗？.pdf,2018-06-25_海通证券_选股因子系列研究（三十四）：宏观经济数据可以用来选股吗？.pdf,.pdf,2170424,2026-05-21T23:42:58,资料,pdf,data|factor|macro,P1,new,skim_then_extract
资料\卖方金工研报\海通报告\2018-07-09_海通证券_选股因子系列研究（三十五）：宏观经济的不确定性在A股市场被定价了吗？.pdf,2018-07-09_海通证券_选股因子系列研究（三十五）：宏观经济的不确定性在A股市场被定价了吗？.pdf,.pdf,1893027,2026-05-21T23:42:58,资料,pdf,factor|macro,P1,new,skim_then_extract
资料\卖方金工研报\海通报告\2018-08-16_海通证券_选股因子系列研究（三十六）：哪些宏观经济指标存在选股效应？.pdf,2018-08-16_海通证券_选股因子系列研究（三十六）：哪些宏观经济指标存在选股效应？.pdf,.pdf,752728,2026-05-21T23:42:58,资料,pdf,factor|macro,P1,new,skim_then_extract
资料\卖方金工研报\海通报告\2018-08-30_海通证券_选股因子系列研究（三十七）：A股是否存在异质动量效应？.pdf,2018-08-30_海通证券_选股因子系列研究（三十七）：A股是否存在异质动量效应？.pdf,.pdf,922130,2026-05-21T23:42:58,资料,pdf,factor|timing,P1,new,skim_then_extract
资料\卖方金工研报\海通报告\2018-09-26_海通证券_选股因子系列研究（三十八）：因子敞口上限对优化组合的影响.pdf,2018-09-26_海通证券_选股因子系列研究（三十八）：因子敞口上限对优化组合的影响.pdf,.pdf,1968555,2026-05-21T23:42:58,资料,pdf,factor|portfolio,P1,new,skim_then_extract
资料\卖方金工研报\海通报告\2018-10-12_海通证券_选股因子系列研究（三十九）：如何计算盈利指标的趋势？.pdf,2018-10-12_海通证券_选股因子系列研究（三十九）：如何计算盈利指标的趋势？.pdf,.pdf,965713,2026-05-21T23:42:58,资料,pdf,factor|timing,P1,new,skim_then_extract
资料\卖方金工研报\海通报告\2018-10-19_海通证券_选股因子系列研究（四十）：预期因子的底层数据处理.pdf,2018-10-19_海通证券_选股因子系列研究（四十）：预期因子的底层数据处理.pdf,.pdf,1471926,2026-05-21T23:42:58,资料,pdf,data|factor,P1,new,skim_then_extract
资料\卖方金工研报\海通报告\2018-10-24_海通证券_选股因子系列研究（四十一）：医药行业因子选股研究.pdf,2018-10-24_海通证券_选股因子系列研究（四十一）：医药行业因子选股研究.pdf,.pdf,1113498,2026-05-21T23:42:58,资料,pdf,factor,P1,new,skim_then_extract
资料\卖方金工研报\海通报告\2018-11-08_海通证券_选股因子系列研究（四十二）——因子失效预警：因子拥挤.pdf,2018-11-08_海通证券_选股因子系列研究（四十二）——因子失效预警：因子拥挤.pdf,.pdf,1035286,2026-05-21T23:42:58,资料,pdf,factor,P1,new,skim_then_extract
资料\卖方金工研报\海通报告\2019-01-30_海通证券_选股因子系列研究（四十三）：因子拥挤度的改进.pdf,2019-01-30_海通证券_选股因子系列研究（四十三）：因子拥挤度的改进.pdf,.pdf,990809,2026-05-21T23:42:58,资料,pdf,factor,P1,new,skim_then_extract
资料\卖方金工研报\海通报告\2019-02-01_海通证券_选股因子系列研究（四十四）：因子拥挤度的扩展.pdf,2019-02-01_海通证券_选股因子系列研究（四十四）：因子拥挤度的扩展.pdf,.pdf,2295817,2026-05-21T23:42:58,资料,pdf,factor,P1,new,skim_then_extract
资料\卖方金工研报\海通报告\2019-02-22_海通证券_选股因子系列研究（四十五）：质量因子.pdf,2019-02-22_海通证券_选股因子系列研究（四十五）：质量因子.pdf,.pdf,1853419,2026-05-21T23:42:58,资料,pdf,factor,P1,new,skim_then_extract
资料\卖方金工研报\海通报告\2019-04-17_海通证券_选股因子系列研究（四十六）：日内分时成交中的玄机.pdf,2019-04-17_海通证券_选股因子系列研究（四十六）：日内分时成交中的玄机.pdf,.pdf,2292970,2026-05-21T23:42:58,资料,pdf,factor,P1,new,skim_then_extract
资料\卖方金工研报\海通报告\2019-05-09_海通证券_选股因子系列研究（四十七）：捕捉投资者的交易意愿.pdf,2019-05-09_海通证券_选股因子系列研究（四十七）：捕捉投资者的交易意愿.pdf,.pdf,3192292,2026-05-21T23:42:58,资料,pdf,factor,P1,new,skim_then_extract
资料\卖方金工研报\海通报告\2019-05-29_海通证券_选股因子系列研究（四十八）：探索A股的五因子模型.pdf,2019-05-29_海通证券_选股因子系列研究（四十八）：探索A股的五因子模型.pdf,.pdf,1985496,2026-05-21T23:42:58,资料,pdf,factor,P1,new,skim_then_extract
资料\卖方金工研报\海通报告\2019-06-17_海通证券_选股因子系列研究（四十九）——当下跌遇到托底.pdf,2019-06-17_海通证券_选股因子系列研究（四十九）——当下跌遇到托底.pdf,.pdf,869019,2026-05-21T23:42:58,资料,pdf,factor,P1,new,skim_then_extract
资料\卖方金工研报\海通报告\2019-06-19_海通证券_选股因子系列研究（五十）-个股加权方式对比.pdf,2019-06-19_海通证券_选股因子系列研究（五十）-个股加权方式对比.pdf,.pdf,1936302,2026-05-21T23:42:58,资料,pdf,factor,P1,new,skim_then_extract
资料\卖方金工研报\海通报告\2019-07-21_海通证券_选股因子系列研究（五十一）：消费板块的因子组合.pdf,2019-07-21_海通证券_选股因子系列研究（五十一）：消费板块的因子组合.pdf,.pdf,2173813,2026-05-21T23:42:58,资料,pdf,factor|portfolio,P1,new,skim_then_extract
资料\卖方金工研报\海通报告\2019-08-07_海通证券_选股因子系列研究（五十二）：基于回归树的因子择时模型.pdf,2019-08-07_海通证券_选股因子系列研究（五十二）：基于回归树的因子择时模型.pdf,.pdf,959784,2026-05-21T23:42:58,资料,pdf,factor|timing,P1,new,skim_then_extract
资料\卖方金工研报\海通报告\2019-08-26_海通证券_选股因子系列研究（五十三）：上市公司关系网因子.pdf,2019-08-26_海通证券_选股因子系列研究（五十三）：上市公司关系网因子.pdf,.pdf,2529069,2026-05-21T23:42:58,资料,pdf,factor,P1,new,skim_then_extract
资料\卖方金工研报\海通报告\2019-09-11_海通证券_选股因子系列研究（五十四）：资产增长稳定性与资本结构变化.pdf,2019-09-11_海通证券_选股因子系列研究（五十四）：资产增长稳定性与资本结构变化.pdf,.pdf,779093,2026-05-21T23:42:58,资料,pdf,factor,P1,new,skim_then_extract
资料\卖方金工研报\海通报告\2019-09-24_海通证券_选股因子系列研究（五十五）：价量波动幅度.pdf,2019-09-24_海通证券_选股因子系列研究（五十五）：价量波动幅度.pdf,.pdf,1608060,2026-05-21T23:42:58,资料,pdf,factor|risk,P1,new,skim_then_extract
资料\卖方金工研报\海通报告\2019-11-07_海通证券_选股因子系列研究（五十六）：买卖单数据中的Alpha.pdf,2019-11-07_海通证券_选股因子系列研究（五十六）：买卖单数据中的Alpha.pdf,.pdf,807085,2026-05-21T23:42:58,资料,pdf,data|factor,P1,new,skim_then_extract
资料\卖方金工研报\海通报告\2020-01-13_海通证券_选股因子系列研究（五十七）：基于主动买入行为的选股因子.pdf,2020-01-13_海通证券_选股因子系列研究（五十七）：基于主动买入行为的选股因子.pdf,.pdf,3381399,2026-05-21T23:42:58,资料,pdf,factor,P1,new,skim_then_extract
资料\卖方金工研报\海通报告\2020-02-17_海通证券_选股因子系列研究（五十八）：知情交易与主买主卖.pdf,2020-02-17_海通证券_选股因子系列研究（五十八）：知情交易与主买主卖.pdf,.pdf,2741243,2026-05-21T23:42:58,资料,pdf,factor,P1,new,skim_then_extract
资料\卖方金工研报\海通报告\2020-02-24_海通证券_选股因子系列研究（五十九）：基于逐笔成交数据的高频因子梳理.pdf,2020-02-24_海通证券_选股因子系列研究（五十九）：基于逐笔成交数据的高频因子梳理.pdf,.pdf,1883753,2026-05-21T23:42:58,资料,pdf,data|factor,P1,new,skim_then_extract
资料\卖方金工研报\海通报告\2020-03-06_海通证券_选股因子系列研究（六十）：如何利用高频因子的空头效应？.pdf,2020-03-06_海通证券_选股因子系列研究（六十）：如何利用高频因子的空头效应？.pdf,.pdf,680037,2026-05-21T23:42:58,资料,pdf,factor,P1,new,skim_then_extract
资料\卖方金工研报\海通报告\2020-03-23_海通证券_选股因子系列研究（六十一）：从加权IC到机器学习-高频因子多头失效的修正.pdf,2020-03-23_海通证券_选股因子系列研究（六十一）：从加权IC到机器学习-高频因子多头失效的修正.pdf,.pdf,883160,2026-05-21T23:42:58,资料,pdf,factor|ml,P1,new,skim_then_extract
资料\卖方金工研报\海通报告\2020-04-07_海通证券_选股因子系列研究（六十二）：被动产品的规模扩张对alpha策略的影响分析-从美国到中国的证据.pdf,2020-04-07_海通证券_选股因子系列研究（六十二）：被动产品的规模扩张对alpha策略的影响分析-从美国到中国的证据.pdf,.pdf,1037260,2026-05-21T23:42:58,资料,pdf,factor,P1,new,skim_then_extract
资料\卖方金工研报\海通报告\2020-04-13_海通证券_选股因子系列研究（六十三）：剔除高频多因子空头组合后的沪深300指数增强策略.pdf,2020-04-13_海通证券_选股因子系列研究（六十三）：剔除高频多因子空头组合后的沪深300指数增强策略.pdf,.pdf,874874,2026-05-21T23:42:58,资料,pdf,factor|portfolio,P1,new,skim_then_extract
资料\卖方金工研报\海通报告\2020-04-24_海通证券_选股因子系列研究（六十四）：基于直观逻辑和机器学习的高频数据低频化应用.pdf,2020-04-24_海通证券_选股因子系列研究（六十四）：基于直观逻辑和机器学习的高频数据低频化应用.pdf,.pdf,996018,2026-05-21T23:42:58,资料,pdf,data|factor|ml,P1,new,skim_then_extract
资料\卖方金工研报\海通报告\2020-05-28_海通证券_选股因子系列研究（六十五）：剔除高频因子空头组合后的中证500指数增强策略.pdf,2020-05-28_海通证券_选股因子系列研究（六十五）：剔除高频因子空头组合后的中证500指数增强策略.pdf,.pdf,728177,2026-05-21T23:42:58,资料,pdf,factor|portfolio,P1,new,skim_then_extract
资料\卖方金工研报\海通报告\2020-06-22_海通证券_选股因子系列研究（六十六）：寻找逐笔交易中的有效信息.pdf,2020-06-22_海通证券_选股因子系列研究（六十六）：寻找逐笔交易中的有效信息.pdf,.pdf,888676,2026-05-21T23:42:58,资料,pdf,factor,P1,new,skim_then_extract
资料\卖方金工研报\海通报告\2020-06-24_海通证券_选股因子系列研究（六十七）：短周期高频因子与组合调仓收益增强.pdf,2020-06-24_海通证券_选股因子系列研究（六十七）：短周期高频因子与组合调仓收益增强.pdf,.pdf,3333094,2026-05-21T23:42:58,资料,pdf,factor|portfolio,P1,new,skim_then_extract
资料\卖方金工研报\海通报告\2020-07-08_海通证券_选股因子系列研究（六十八）：基金重仓超配因子及其对指数增强组合的影响.pdf,2020-07-08_海通证券_选股因子系列研究（六十八）：基金重仓超配因子及其对指数增强组合的影响.pdf,.pdf,1523946,2026-05-21T23:42:58,资料,pdf,factor|portfolio|fund_etf,P1,new,skim_then_extract
资料\卖方金工研报\海通报告\2020-07-30_海通证券_选股因子系列研究（六十九）：高频因子的现实与幻想.pdf,2020-07-30_海通证券_选股因子系列研究（六十九）：高频因子的现实与幻想.pdf,.pdf,3462509,2026-05-21T23:42:58,资料,pdf,factor,P1,new,skim_then_extract
资料\卖方金工研报\海通报告\2020-08-31_海通证券_选股因子系列研究（七十）：日内市场微观结构与高频因子选股能力.pdf,2020-08-31_海通证券_选股因子系列研究（七十）：日内市场微观结构与高频因子选股能力.pdf,.pdf,835338,2026-05-21T23:42:58,资料,pdf,factor,P1,new,skim_then_extract
资料\卖方金工研报\海通报告\2020-12-18_海通证券_选股因子系列研究（七十一）：逐笔大单因子与大资金行为.pdf,2020-12-18_海通证券_选股因子系列研究（七十一）：逐笔大单因子与大资金行为.pdf,.pdf,2156677,2026-05-21T23:42:58,资料,pdf,factor,P1,new,skim_then_extract
资料\卖方金工研报\海通报告\2021-01-20_海通证券_选股因子系列研究（七十二）：大单的精细化处理与大单因子重构.pdf,2021-01-20_海通证券_选股因子系列研究（七十二）：大单的精细化处理与大单因子重构.pdf,.pdf,2023315,2026-05-21T23:42:58,资料,pdf,factor,P1,new,skim_then_extract
资料\卖方金工研报\海通报告\2021-03-18_海通证券_选股因子系列研究（七十三）：使用基本面逻辑改进ROE因子.pdf,2021-03-18_海通证券_选股因子系列研究（七十三）：使用基本面逻辑改进ROE因子.pdf,.pdf,2106729,2026-05-21T23:42:58,资料,pdf,factor,P1,new,skim_then_extract
资料\卖方金工研报\海通报告\2021-12-02_海通证券_选股因子系列研究（七十四）：基于风格特征的股票重新分类及应用.pdf,2021-12-02_海通证券_选股因子系列研究（七十四）：基于风格特征的股票重新分类及应用.pdf,.pdf,2078253,2026-05-21T23:42:58,资料,pdf,factor,P1,new,skim_then_extract
资料\卖方金工研报\海通报告\2021-12-27_海通证券_选股因子系列研究（七十五）：限价订单簿（LOB）的还原和应用.pdf,2021-12-27_海通证券_选股因子系列研究（七十五）：限价订单簿（LOB）的还原和应用.pdf,.pdf,2703991,2026-05-21T23:42:58,资料,pdf,factor,P1,new,skim_then_extract
资料\卖方金工研报\海通报告\2021-12-28_海通证券_选股因子系列研究（七十六）：基于深度学习的高频因子挖掘.pdf,2021-12-28_海通证券_选股因子系列研究（七十六）：基于深度学习的高频因子挖掘.pdf,.pdf,2173777,2026-05-21T23:42:58,资料,pdf,factor|ml,P1,new,skim_then_extract
资料\卖方金工研报\海通报告\2022-04-07_海通证券_选股因子系列研究（七十七）：改进深度学习高频因子的9个尝试.pdf,2022-04-07_海通证券_选股因子系列研究（七十七）：改进深度学习高频因子的9个尝试.pdf,.pdf,459776,2026-05-21T23:42:58,资料,pdf,factor|ml,P1,new,skim_then_extract
资料\卖方金工研报\海通报告\2022-04-18_海通证券_选股因子系列研究（七十八）：构造A股价值组合的三种范式.pdf,2022-04-18_海通证券_选股因子系列研究（七十八）：构造A股价值组合的三种范式.pdf,.pdf,2249746,2026-05-21T23:42:58,资料,pdf,factor|portfolio,P1,new,skim_then_extract
资料\卖方金工研报\海通报告\2022-05-31_海通证券_选股因子系列研究（七十九）：用注意力机制优化深度学习高频因子.pdf,2022-05-31_海通证券_选股因子系列研究（七十九）：用注意力机制优化深度学习高频因子.pdf,.pdf,2500035,2026-05-21T23:42:58,资料,pdf,factor|portfolio|ml,P1,new,skim_then_extract
资料\卖方金工研报\海通报告\2022-06-06_海通证券_注选股因子系列研究（八十）：股票久期的定义、溢价及应用.pdf,2022-06-06_海通证券_注选股因子系列研究（八十）：股票久期的定义、溢价及应用.pdf,.pdf,2212270,2026-05-21T23:42:58,资料,pdf,factor,P1,new,skim_then_extract
资料\卖方金工研报\海通报告\2022-06-21_海通证券_选股因子系列研究（八十一）：净利润相关指标的进一步改进.pdf,2022-06-21_海通证券_选股因子系列研究（八十一）：净利润相关指标的进一步改进.pdf,.pdf,2041258,2026-05-21T23:42:58,资料,pdf,factor,P1,new,skim_then_extract
资料\卖方金工研报\海通报告\2022-07-11_海通证券_选股因子系列研究（八十二）：不可忽视的无形资产.pdf,2022-07-11_海通证券_选股因子系列研究（八十二）：不可忽视的无形资产.pdf,.pdf,2332234,2026-05-21T23:42:58,资料,pdf,factor,P1,new,skim_then_extract
资料\卖方金工研报\海通报告\2022-08-18_海通证券_选股因子系列研究（八十三）：盈利加速的定量刻画与高增长组合的构建.pdf,2022-08-18_海通证券_选股因子系列研究（八十三）：盈利加速的定量刻画与高增长组合的构建.pdf,.pdf,2165471,2026-05-21T23:42:58,资料,pdf,factor|portfolio,P1,new,skim_then_extract
资料\卖方金工研报\海通报告\2022-09-15_海通证券_选股因子系列研究（八十四）：选股因子的季节效应及其成因.pdf,2022-09-15_海通证券_选股因子系列研究（八十四）：选股因子的季节效应及其成因.pdf,.pdf,2439519,2026-05-21T23:42:58,资料,pdf,factor,P1,new,skim_then_extract
资料\卖方金工研报\海通报告\2022-10-24_海通证券_选股因子系列研究（八十五）：买卖单主动成交中的隐藏信息.pdf,2022-10-24_海通证券_选股因子系列研究（八十五）：买卖单主动成交中的隐藏信息.pdf,.pdf,2441187,2026-05-21T23:42:58,资料,pdf,factor,P1,new,skim_then_extract
资料\卖方金工研报\海通报告\2023-01-30_海通证券_选股因子系列研究（八十六）：深度学习高频因子的特征工程.pdf,2023-01-30_海通证券_选股因子系列研究（八十六）：深度学习高频因子的特征工程.pdf,.pdf,2999517,2026-05-21T23:42:58,资料,pdf,factor|ml,P1,new,skim_then_extract
资料\卖方金工研报\海通报告\2023-05-14_海通证券_选股因子系列研究（八十七）：高频与日度量价数据混合的深度学习因子.pdf,2023-05-14_海通证券_选股因子系列研究（八十七）：高频与日度量价数据混合的深度学习因子.pdf,.pdf,444416,2026-05-21T23:42:58,资料,pdf,data|factor|ml,P1,new,skim_then_extract
资料\卖方金工研报\海通报告\2023-09-12_海通证券_选股因子系列研究（八十八）：多颗粒度特征的深度学习模型-探索和对比.pdf,2023-09-12_海通证券_选股因子系列研究（八十八）：多颗粒度特征的深度学习模型-探索和对比.pdf,.pdf,3176552,2026-05-21T23:42:58,资料,pdf,factor|ml,P1,new,skim_then_extract
资料\卖方金工研报\海通报告\2023-10-25_海通证券_选股因子系列研究（八十九）：买入评级因子的改进及其在大盘股优选策略中的应用.pdf,2023-10-25_海通证券_选股因子系列研究（八十九）：买入评级因子的改进及其在大盘股优选策略中的应用.pdf,.pdf,2159724,2026-05-21T23:42:58,资料,pdf,factor,P1,new,skim_then_extract
资料\卖方金工研报\海通报告\2023-11-19_海通证券_选股因子系列研究（九十）：理解红利投资，加入红利投资，超越红利投资.pdf,2023-11-19_海通证券_选股因子系列研究（九十）：理解红利投资，加入红利投资，超越红利投资.pdf,.pdf,3763904,2026-05-21T23:42:58,资料,pdf,factor,P1,new,skim_then_extract
资料\卖方金工研报\海通报告\2023-12-13_海通证券_选股因子系列研究（九十一）：组合规模、交易成本和大单冲击对因子表现的影响分析.pdf,2023-12-13_海通证券_选股因子系列研究（九十一）：组合规模、交易成本和大单冲击对因子表现的影响分析.pdf,.pdf,2451205,2026-05-21T23:42:58,资料,pdf,factor|portfolio|execution,P1,new,skim_then_extract
资料\卖方金工研报\海通报告\2023-12-27_海通证券_选股因子系列研究（九十二）：组合约束对其收益表现的影响分析.pdf,2023-12-27_海通证券_选股因子系列研究（九十二）：组合约束对其收益表现的影响分析.pdf,.pdf,1798784,2026-05-21T23:42:58,资料,pdf,factor|portfolio,P1,new,skim_then_extract
资料\卖方金工研报\海通报告\2024-01-26_海通证券_选股因子系列研究（九十三）：深度学习因子的“模型动物园”.pdf,2024-01-26_海通证券_选股因子系列研究（九十三）：深度学习因子的“模型动物园”.pdf,.pdf,3015070,2026-05-21T23:42:58,资料,pdf,factor|ml,P1,new,skim_then_extract
资料\卖方金工研报\海通报告\2_选股因子研究系列（二）：因子模型的尾部相关性研究-海通证券 - 副本.pdf,2_选股因子研究系列（二）：因子模型的尾部相关性研究-海通证券 - 副本.pdf,.pdf,1802249,2026-05-21T23:42:58,资料,pdf,factor,P1,new,skim_then_extract
资料\卖方金工研报\海通报告\3_选股因子研究系列（三）——从Spearman相关系数出发研究因子有效性.pdf,3_选股因子研究系列（三）——从Spearman相关系数出发研究因子有效性.pdf,.pdf,497620,2026-05-21T23:42:58,资料,pdf,factor,P1,new,skim_then_extract
资料\卖方金工研报\海通报告\4_选股因子研究系列（四）：多因子选股模型的有效与失效-海通证券 - 副本.pdf,4_选股因子研究系列（四）：多因子选股模型的有效与失效-海通证券 - 副本.pdf,.pdf,810396,2026-05-21T23:42:58,资料,pdf,factor,P1,new,skim_then_extract
资料\卖方金工研报\海通报告\5_选股因子研究系列（五）——寻找股价驱动新因子之净换手率.pdf,5_选股因子研究系列（五）——寻找股价驱动新因子之净换手率.pdf,.pdf,1100249,2026-05-21T23:42:58,资料,pdf,factor|execution,P1,new,skim_then_extract
资料\卖方金工研报\海通报告\6_选股因子研究系列（六）——极值视角下的多因子选股策略.pdf,6_选股因子研究系列（六）——极值视角下的多因子选股策略.pdf,.pdf,519875,2026-05-21T23:42:58,资料,pdf,factor,P1,new,skim_then_extract
资料\卖方金工研报\海通报告\7_选股因子研究系列（七）——融资推动股价明显，融券作用有限.pdf,7_选股因子研究系列（七）——融资推动股价明显，融券作用有限.pdf,.pdf,1391111,2026-05-21T23:42:58,资料,pdf,factor,P1,new,skim_then_extract
资料\卖方金工研报\海通报告\8_选股因子研究系列（八）——单因子多策略组合.pdf,8_选股因子研究系列（八）——单因子多策略组合.pdf,.pdf,1421069,2026-05-21T23:42:58,资料,pdf,factor|portfolio,P1,new,skim_then_extract
资料\卖方金工研报\海通报告\9_选股因子研究系列（九）——上市公司薪酬那点事.pdf,9_选股因子研究系列（九）——上市公司薪酬那点事.pdf,.pdf,1436905,2026-05-21T23:42:58,资料,pdf,factor,P1,new,skim_then_extract
资料\卖方金工研报\量化前景\2020-09-08_海通证券_金融工程_金融工程专题报告：准另类数据与因子投资（刘洋溢博士）.pdf,2020-09-08_海通证券_金融工程_金融工程专题报告：准另类数据与因子投资（刘洋溢博士）.pdf,.pdf,2964522,2026-05-21T23:42:58,资料,pdf,data|factor,P1,new,skim_then_extract
资料\技术指标回测代码\广发金融工程：125 个经典技术指标择时分析.pdf,广发金融工程：125 个经典技术指标择时分析.pdf,.pdf,6099120,2026-05-21T23:42:58,资料,pdf,backtest|timing,P1,new,skim_then_extract
scripts\arxiv_crawler.py,arxiv_crawler.py,.py,13322,2026-05-21T23:42:56,scripts,code,ml,P2,new,catalog
scripts\generate_daily.py,generate_daily.py,.py,9621,2026-05-21T23:42:56,scripts,code,ml,P2,new,catalog
scripts\generate_topic_index.py,generate_topic_index.py,.py,7107,2026-05-21T23:42:56,scripts,code,uncategorized,P2,new,catalog
scripts\paper_processor.py,paper_processor.py,.py,9658,2026-05-21T23:42:56,scripts,code,uncategorized,P2,new,catalog
论文\投资者情绪相关论文\Related\1.rmd,1.rmd,.rmd,691,2026-05-21T23:42:56,论文,code,sentiment,P2,new,catalog
"论文\投资者情绪相关论文\Papers in Teacher's book\Annual report readability, current earnings, and earnings persistence.pdf","Annual report readability, current earnings, and earnings persistence.pdf",.pdf,510051,2026-05-21T23:42:56,论文,pdf,sentiment,P2,new,catalog
论文\投资者情绪相关论文\Papers in Teacher's book\Distillation of news flow into analysis of stock reactions.pdf,Distillation of news flow into analysis of stock reactions.pdf,.pdf,1498794,2026-05-21T23:42:56,论文,pdf,sentiment,P2,new,catalog
论文\投资者情绪相关论文\Papers in Teacher's book\Giving content to investor sentiment_ the role of media in the stock marke.pdf,Giving content to investor sentiment_ the role of media in the stock marke.pdf,.pdf,882030,2026-05-21T23:42:56,论文,pdf,sentiment,P2,new,catalog
论文\投资者情绪相关论文\Papers in Teacher's book\Hyperbole or Reality _Investor Response to Extreme Language in Earnings Conference Calls.pdf,Hyperbole or Reality _Investor Response to Extreme Language in Earnings Conference Calls.pdf,.pdf,1648307,2026-05-21T23:42:56,论文,pdf,sentiment,P2,new,catalog
论文\投资者情绪相关论文\Papers in Teacher's book\Investor sentiment aligned_ A powerful predictor of stock returns.pdf,Investor sentiment aligned_ A powerful predictor of stock returns.pdf,.pdf,385493,2026-05-21T23:42:56,论文,pdf,sentiment,P2,new,catalog
论文\投资者情绪相关论文\Papers in Teacher's book\Is all that talk just noise_The information content of internet stock message boards.pdf,Is all that talk just noise_The information content of internet stock message boards.pdf,.pdf,295416,2026-05-21T23:42:56,论文,pdf,sentiment,P2,new,catalog
论文\投资者情绪相关论文\Papers in Teacher's book\Manager Sentiment and Stock Returns.pdf,Manager Sentiment and Stock Returns.pdf,.pdf,279541,2026-05-21T23:42:56,论文,pdf,sentiment,P2,new,catalog
论文\投资者情绪相关论文\Papers in Teacher's book\More than words _Quantifying language to measure firms fundamentals.pdf,More than words _Quantifying language to measure firms fundamentals.pdf,.pdf,208022,2026-05-21T23:42:56,论文,pdf,sentiment|fund_etf,P2,new,catalog
论文\投资者情绪相关论文\Papers in Teacher's book\Sentiment During Recessions.pdf,Sentiment During Recessions.pdf,.pdf,2273078,2026-05-21T23:42:56,论文,pdf,sentiment,P2,new,catalog
论文\投资者情绪相关论文\Papers in Teacher's book\Stock return predictability and investor sentiment_ a high-frequency perspective.pdf,Stock return predictability and investor sentiment_ a high-frequency perspective.pdf,.pdf,276199,2026-05-21T23:42:56,论文,pdf,sentiment,P2,new,catalog
论文\投资者情绪相关论文\Papers in Teacher's book\TETLOCK_Giving_Content_to_Investor_Sentiment_2007-with-cover-page-v2.pdf,TETLOCK_Giving_Content_to_Investor_Sentiment_2007-with-cover-page-v2.pdf,.pdf,882030,2026-05-21T23:42:56,论文,pdf,sentiment,P2,new,catalog
论文\投资者情绪相关论文\Papers in Teacher's book\The customer knows best_ The investment value of consumer opinions.pdf,The customer knows best_ The investment value of consumer opinions.pdf,.pdf,1095327,2026-05-21T23:42:56,论文,pdf,sentiment,P2,new,catalog
论文\投资者情绪相关论文\Papers in Teacher's book\The Information Content of Forward looking Statements in Corporate Filings_a Naive Bayesian Machine Learning Approach.pdf,The Information Content of Forward looking Statements in Corporate Filings_a Naive Bayesian Machine Learning Approach.pdf,.pdf,405339,2026-05-21T23:42:56,论文,pdf,sentiment|ml,P2,new,catalog
论文\投资者情绪相关论文\Papers in Teacher's book\The sum of all FEARS_ investor sentiment and asset prices.pdf,The sum of all FEARS_ investor sentiment and asset prices.pdf,.pdf,573263,2026-05-21T23:42:56,论文,pdf,sentiment,P2,new,catalog
论文\投资者情绪相关论文\Papers in Teacher's book\Time-varying short-horizon predictability.pdf,Time-varying short-horizon predictability.pdf,.pdf,689554,2026-05-21T23:42:56,论文,pdf,sentiment,P2,new,catalog
"论文\投资者情绪相关论文\Papers in Teacher's book\When is a liability not a liability_Textual analysis, dictionaries, and 10‐Ks.pdf","When is a liability not a liability_Textual analysis, dictionaries, and 10‐Ks.pdf",.pdf,295472,2026-05-21T23:42:56,论文,pdf,sentiment,P2,new,catalog
论文\投资者情绪相关论文\Papers in Teacher's book\Why does return predictability concentrate in bad times.pdf,Why does return predictability concentrate in bad times.pdf,.pdf,1021466,2026-05-21T23:42:56,论文,pdf,sentiment,P2,new,catalog
论文\投资者情绪相关论文\Papers in Teacher's book\WISDOM OF CROWDS_The value of stock opinions transmitted through social media.pdf,WISDOM OF CROWDS_The value of stock opinions transmitted through social media.pdf,.pdf,738319,2026-05-21T23:42:56,论文,pdf,sentiment,P2,new,catalog
论文\投资者情绪相关论文\Papers in Teacher's book\分析师荐股更新利用管理层语...—基于业绩说明会的文本分析_林乐.pdf,分析师荐股更新利用管理层语...—基于业绩说明会的文本分析_林乐.pdf,.pdf,1972129,2026-05-21T23:42:56,论文,pdf,sentiment,P2,new,catalog
论文\投资者情绪相关论文\Papers in Teacher's book\基于股评的投资者情绪对股票市场的影响_部慧 (1).pdf,基于股评的投资者情绪对股票市场的影响_部慧 (1).pdf,.pdf,760172,2026-05-21T23:42:56,论文,pdf,sentiment,P2,new,catalog
论文\投资者情绪相关论文\Papers in Teacher's book\基于股评的投资者情绪对股票市场的影响_部慧.pdf,基于股评的投资者情绪对股票市场的影响_部慧.pdf,.pdf,760972,2026-05-21T23:42:56,论文,pdf,sentiment,P2,new,catalog
论文\投资者情绪相关论文\Papers in Teacher's book\央行沟通有助于改善宏观经济...基于文本数据的高维稀疏建模_林建浩.pdf,央行沟通有助于改善宏观经济...基于文本数据的高维稀疏建模_林建浩.pdf,.pdf,1531731,2026-05-21T23:42:56,论文,pdf,data|sentiment|macro,P2,new,catalog
论文\投资者情绪相关论文\Papers in Teacher's book\央行货币政策报告文本信息、宏观经济与股票市场_姜富伟.pdf,央行货币政策报告文本信息、宏观经济与股票市场_姜富伟.pdf,.pdf,1414662,2026-05-21T23:42:56,论文,pdf,sentiment|macro,P2,new,catalog
论文\投资者情绪相关论文\Papers in Teacher's book\媒体文本情绪与股票回报预测_姜富伟 (1).pdf,媒体文本情绪与股票回报预测_姜富伟 (1).pdf,.pdf,1877654,2026-05-21T23:42:56,论文,pdf,sentiment,P2,new,catalog
论文\投资者情绪相关论文\Papers in Teacher's book\市场能够甄别管理层的“靖言...语调与内部人交易的经验证据_张程.pdf,市场能够甄别管理层的“靖言...语调与内部人交易的经验证据_张程.pdf,.pdf,2202540,2026-05-21T23:42:56,论文,pdf,sentiment,P2,new,catalog
论文\投资者情绪相关论文\Papers in Teacher's book\年报语调与内部人交易_“表里如一”还是“口是心非”__曾庆生.pdf,年报语调与内部人交易_“表里如一”还是“口是心非”__曾庆生.pdf,.pdf,1807258,2026-05-21T23:42:56,论文,pdf,sentiment,P2,new,catalog
论文\投资者情绪相关论文\Papers in Teacher's book\投资者会听话听音吗_——基于管理层语调视角的实证研究_林乐.pdf,投资者会听话听音吗_——基于管理层语调视角的实证研究_林乐.pdf,.pdf,457865,2026-05-21T23:42:56,论文,pdf,sentiment,P2,new,catalog
论文\投资者情绪相关论文\Papers in Teacher's book\本地偏好、投资者情绪与股票...率_来自网络论坛的经验证据_杨晓兰.pdf,本地偏好、投资者情绪与股票...率_来自网络论坛的经验证据_杨晓兰.pdf,.pdf,589670,2026-05-21T23:42:56,论文,pdf,sentiment,P2,new,catalog
论文\投资者情绪相关论文\Papers in Teacher's book\管理层语调能预示公司未来业...司年度业绩说明会的文本分析_谢德仁.pdf,管理层语调能预示公司未来业...司年度业绩说明会的文本分析_谢德仁.pdf,.pdf,8035043,2026-05-21T23:42:56,论文,pdf,sentiment,P2,new,catalog
论文\投资者情绪相关论文\Related\431091611942110annurev-financial-110217-022725.pdf,431091611942110annurev-financial-110217-022725.pdf,.pdf,366382,2026-05-21T23:42:56,论文,pdf,sentiment,P2,new,catalog
论文\投资者情绪相关论文\Related\A picture is worth a thousand words_Measuring investor sentiment by combining machine learning and photos from news.pdf,A picture is worth a thousand words_Measuring investor sentiment by combining machine learning and photos from news.pdf,.pdf,3067279,2026-05-21T23:42:56,论文,pdf,sentiment,P2,new,catalog
论文\投资者情绪相关论文\Related\Differences of opinion make a horse race.pdf,Differences of opinion make a horse race.pdf,.pdf,2808836,2026-05-21T23:42:56,论文,pdf,sentiment,P2,new,catalog
论文\投资者情绪相关论文\Related\Expectations of returns and expected returns.pdf,Expectations of returns and expected returns.pdf,.pdf,707236,2026-05-21T23:42:56,论文,pdf,sentiment,P2,new,catalog
论文\投资者情绪相关论文\Related\Investor attention and stock returns.pdf,Investor attention and stock returns.pdf,.pdf,582423,2026-05-21T23:42:56,论文,pdf,sentiment,P2,new,catalog
论文\投资者情绪相关论文\Related\Investor sentiment aligned_ A powerful predictor of stock returns.pdf,Investor sentiment aligned_ A powerful predictor of stock returns.pdf,.pdf,385493,2026-05-21T23:42:56,论文,pdf,sentiment,P2,new,catalog
论文\投资者情绪相关论文\Related\Investor sentiment and the cross_section of stock returns.pdf,Investor sentiment and the cross_section of stock returns.pdf,.pdf,450531,2026-05-21T23:42:56,论文,pdf,sentiment,P2,new,catalog
论文\投资者情绪相关论文\Top Journals\世界经济\公司治理、信息披露、投资者情绪与分析师盈利预测偏差_伍燕然.pdf,公司治理、信息披露、投资者情绪与分析师盈利预测偏差_伍燕然.pdf,.pdf,591923,2026-05-21T23:42:56,论文,pdf,sentiment,P2,new,catalog
论文\投资者情绪相关论文\Top Journals\世界经济\媒体报道与IPO定价效率_...于信息不对称与行为金融视角_熊艳.pdf,媒体报道与IPO定价效率_...于信息不对称与行为金融视角_熊艳.pdf,.pdf,2633626,2026-05-21T23:42:56,论文,pdf,behavioral|sentiment,P2,new,catalog
论文\投资者情绪相关论文\Top Journals\中国工业经济\投资者盈余乐观情绪与管理者...基于社交媒体情感分析的证据_罗琦.pdf,投资者盈余乐观情绪与管理者...基于社交媒体情感分析的证据_罗琦.pdf,.pdf,2397566,2026-05-21T23:42:56,论文,pdf,sentiment,P2,new,catalog
论文\投资者情绪相关论文\Top Journals\中国工业经济\投资者高频情绪对股票日内收益率的预测作用_尹海员.pdf,投资者高频情绪对股票日内收益率的预测作用_尹海员.pdf,.pdf,2220467,2026-05-21T23:42:56,论文,pdf,sentiment,P2,new,catalog
论文\投资者情绪相关论文\Top Journals\数量经济技术经济研究\一种新的异质投资者决策行为模型设计及其应用_陈南旭.pdf,一种新的异质投资者决策行为模型设计及其应用_陈南旭.pdf,.pdf,2323693,2026-05-21T23:42:56,论文,pdf,sentiment,P2,new,catalog
论文\投资者情绪相关论文\Top Journals\数量经济技术经济研究\行业资产的Black-Li...于社交网络情绪文本挖掘算法_孟勇.pdf,行业资产的Black-Li...于社交网络情绪文本挖掘算法_孟勇.pdf,.pdf,1047235,2026-05-21T23:42:56,论文,pdf,sentiment,P2,new,catalog
论文\投资者情绪相关论文\Top Journals\管理世界\公司的媒体信息管理行为与IPO定价效率_汪昌云.pdf,公司的媒体信息管理行为与IPO定价效率_汪昌云.pdf,.pdf,543657,2026-05-21T23:42:56,论文,pdf,sentiment,P2,new,catalog
论文\投资者情绪相关论文\Top Journals\管理世界\媒体情绪传染与分析师乐观偏...学习文本分析方法的经验证据_张宗新 (1).pdf,媒体情绪传染与分析师乐观偏...学习文本分析方法的经验证据_张宗新 (1).pdf,.pdf,1981647,2026-05-21T23:42:56,论文,pdf,sentiment,P2,new,catalog
论文\投资者情绪相关论文\Top Journals\管理世界\投资者情绪与IPOs之谜——抑价或者溢价_韩立岩.pdf,投资者情绪与IPOs之谜——抑价或者溢价_韩立岩.pdf,.pdf,717387,2026-05-21T23:42:56,论文,pdf,sentiment,P2,new,catalog
论文\投资者情绪相关论文\Top Journals\管理世界\股票名称与股票价格非理性联动——中国A股市场的研究_李广子.pdf,股票名称与股票价格非理性联动——中国A股市场的研究_李广子.pdf,.pdf,1123628,2026-05-21T23:42:56,论文,pdf,sentiment,P2,new,catalog
论文\投资者情绪相关论文\Top Journals\管理世界\资产流动性、投资者情绪与中国封闭式基金之谜_刘煜辉.pdf,资产流动性、投资者情绪与中国封闭式基金之谜_刘煜辉.pdf,.pdf,535252,2026-05-21T23:42:56,论文,pdf,sentiment|fund_etf,P2,new,catalog
论文\投资者情绪相关论文\Top Journals\管理科学学报\个人和机构投资者情绪与股票...——基于上证A股市场的研究_刘维奇.pdf,个人和机构投资者情绪与股票...——基于上证A股市场的研究_刘维奇.pdf,.pdf,755188,2026-05-21T23:42:56,论文,pdf,sentiment,P2,new,catalog
论文\投资者情绪相关论文\Top Journals\管理科学学报\基于股评的投资者情绪对股票市场的影响_部慧.pdf,基于股评的投资者情绪对股票市场的影响_部慧.pdf,.pdf,761100,2026-05-21T23:42:56,论文,pdf,sentiment,P2,new,catalog
论文\投资者情绪相关论文\Top Journals\管理科学学报\情绪指数与市场收益_纳入中国波指(iVX)的分析_许海川.pdf,情绪指数与市场收益_纳入中国波指(iVX)的分析_许海川.pdf,.pdf,445063,2026-05-21T23:42:56,论文,pdf,sentiment,P2,new,catalog
论文\投资者情绪相关论文\Top Journals\管理科学学报\投资者情绪、意见分歧与中国股市IPO之谜_俞红海.pdf,投资者情绪、意见分歧与中国股市IPO之谜_俞红海.pdf,.pdf,725189,2026-05-21T23:42:56,论文,pdf,sentiment,P2,new,catalog
论文\投资者情绪相关论文\Top Journals\管理科学学报\投资者情绪如何影响股票定价...—基于IPO公司的实证研究_宋顺林.pdf,投资者情绪如何影响股票定价...—基于IPO公司的实证研究_宋顺林.pdf,.pdf,570344,2026-05-21T23:42:56,论文,pdf,sentiment,P2,new,catalog
论文\投资者情绪相关论文\Top Journals\管理科学学报\投资者情绪特征对股票价格行为的影响研究_文凤华.pdf,投资者情绪特征对股票价格行为的影响研究_文凤华.pdf,.pdf,451202,2026-05-21T23:42:56,论文,pdf,sentiment,P2,new,catalog
论文\投资者情绪相关论文\Top Journals\管理科学学报\投资者的非理性行为偏差与止...应、参考价格角度的实证研究_池丽旭.pdf,投资者的非理性行为偏差与止...应、参考价格角度的实证研究_池丽旭.pdf,.pdf,462317,2026-05-21T23:42:56,论文,pdf,sentiment,P2,new,catalog
论文\投资者情绪相关论文\Top Journals\管理科学学报\投资者行为如何影响股票市场...、信息认知和卖空约束的分析_刘晓星.pdf,投资者行为如何影响股票市场...、信息认知和卖空约束的分析_刘晓星.pdf,.pdf,623462,2026-05-21T23:42:56,论文,pdf,sentiment,P2,new,catalog
论文\投资者情绪相关论文\Top Journals\管理科学学报\混频投资者情绪与股票价格行为_姚尧之.pdf,混频投资者情绪与股票价格行为_姚尧之.pdf,.pdf,404981,2026-05-21T23:42:56,论文,pdf,sentiment,P2,new,catalog
论文\投资者情绪相关论文\Top Journals\管理科学学报\考虑消费与投资者情绪的股票市场资产定价_李双琦.pdf,考虑消费与投资者情绪的股票市场资产定价_李双琦.pdf,.pdf,1993313,2026-05-21T23:42:56,论文,pdf,sentiment,P2,new,catalog
论文\投资者情绪相关论文\Top Journals\管理科学学报\股市政策对股票市场的影响——基于投资者社会互动的视角_杨晓兰.pdf,股市政策对股票市场的影响——基于投资者社会互动的视角_杨晓兰.pdf,.pdf,779193,2026-05-21T23:42:56,论文,pdf,sentiment,P2,new,catalog
论文\投资者情绪相关论文\Top Journals\管理科学学报\语调、情绪及市场影响_基于金融情绪词典_姚加权.pdf,语调、情绪及市场影响_基于金融情绪词典_姚加权.pdf,.pdf,690809,2026-05-21T23:42:56,论文,pdf,sentiment,P2,new,catalog
论文\投资者情绪相关论文\Top Journals\管理科学学报\逆情绪而行能为油气公司投资者带来收益吗__张跃军.pdf,逆情绪而行能为油气公司投资者带来收益吗__张跃军.pdf,.pdf,1332233,2026-05-21T23:42:56,论文,pdf,sentiment,P2,new,catalog
论文\投资者情绪相关论文\Top Journals\经济学季刊\媒体文本情绪与股票回报预测_姜富伟 (1).pdf,媒体文本情绪与股票回报预测_姜富伟 (1).pdf,.pdf,1879260,2026-05-21T23:42:56,论文,pdf,sentiment,P2,new,catalog
论文\投资者情绪相关论文\Top Journals\经济学季刊\文本大数据分析在经济学和金融学中的应用_一个文献综述_沈艳.pdf,文本大数据分析在经济学和金融学中的应用_一个文献综述_沈艳.pdf,.pdf,1169050,2026-05-21T23:42:56,论文,pdf,data|sentiment,P2,new,catalog
论文\投资者情绪相关论文\Top Journals\经济研究\不完全理性、投资者情绪与封闭式基金之谜_伍燕然.pdf,不完全理性、投资者情绪与封闭式基金之谜_伍燕然.pdf,.pdf,609461,2026-05-21T23:42:56,论文,pdf,sentiment|fund_etf,P2,new,catalog
论文\投资者情绪相关论文\Top Journals\经济研究\互联网金融特征、投资者情绪与互联网理财产品回报_陈荣达.pdf,互联网金融特征、投资者情绪与互联网理财产品回报_陈荣达.pdf,.pdf,2927707,2026-05-21T23:42:56,论文,pdf,sentiment,P2,new,catalog
论文\投资者情绪相关论文\Top Journals\经济研究\投资者情绪、有限套利与股价异象_何诚颖.pdf,投资者情绪、有限套利与股价异象_何诚颖.pdf,.pdf,556401,2026-05-21T23:42:56,论文,pdf,sentiment,P2,new,catalog
论文\投资者情绪相关论文\Top Journals\经济研究\消费者情绪对通货膨胀影响的理论分析_姜伟.pdf,消费者情绪对通货膨胀影响的理论分析_姜伟.pdf,.pdf,1558887,2026-05-21T23:42:56,论文,pdf,sentiment,P2,new,catalog
论文\投资者情绪相关论文\Top Journals\经济研究\行业分析师盈利预测偏差的新解释_伍燕然.pdf,行业分析师盈利预测偏差的新解释_伍燕然.pdf,.pdf,571348,2026-05-21T23:42:56,论文,pdf,sentiment,P2,new,catalog
论文\投资者情绪相关论文\Top Journals\统计研究\央行外汇干预、投资者情绪与汇率变动_司登奎.pdf,央行外汇干预、投资者情绪与汇率变动_司登奎.pdf,.pdf,1145768,2026-05-21T23:42:56,论文,pdf,sentiment|macro,P2,new,catalog
论文\投资者情绪相关论文\Top Journals\统计研究\网络舆情赋能金融科技股票收盘价预测研究_崔炎炎.pdf,网络舆情赋能金融科技股票收盘价预测研究_崔炎炎.pdf,.pdf,1526378,2026-05-21T23:42:56,论文,pdf,sentiment,P2,new,catalog
论文\投资者情绪相关论文\Top Journals\统计研究\金融市场收益率方向预测模型研究——基于文本大数据方法_顾文涛.pdf,金融市场收益率方向预测模型研究——基于文本大数据方法_顾文涛.pdf,.pdf,691590,2026-05-21T23:42:56,论文,pdf,data|sentiment,P2,new,catalog
论文\投资者情绪相关论文\Top Journals\金融研究\ETF资金流、市场收益与投...——来自A股市场的经验证据_杨墨竹.pdf,ETF资金流、市场收益与投...——来自A股市场的经验证据_杨墨竹.pdf,.pdf,1438253,2026-05-21T23:42:56,论文,pdf,sentiment|fund_etf,P2,new,catalog
论文\投资者情绪相关论文\Top Journals\金融研究\中国股市投资者情绪测量研究_CICSI的构建_易志高.pdf,中国股市投资者情绪测量研究_CICSI的构建_易志高.pdf,.pdf,997380,2026-05-21T23:42:56,论文,pdf,sentiment,P2,new,catalog
论文\投资者情绪相关论文\Top Journals\金融研究\中国股票网络论坛的信息含量分析_段江娇.pdf,中国股票网络论坛的信息含量分析_段江娇.pdf,.pdf,718868,2026-05-21T23:42:56,论文,pdf,sentiment,P2,new,catalog
论文\投资者情绪相关论文\Top Journals\金融研究\企业生命周期、融资方式与融...于投资者情绪调节效应的研究_黄宏斌.pdf,企业生命周期、融资方式与融...于投资者情绪调节效应的研究_黄宏斌.pdf,.pdf,541113,2026-05-21T23:42:56,论文,pdf,sentiment,P2,new,catalog
论文\投资者情绪相关论文\Top Journals\金融研究\信息不对称、过度自信与股价变动_宫汝凯.pdf,信息不对称、过度自信与股价变动_宫汝凯.pdf,.pdf,893705,2026-05-21T23:42:56,论文,pdf,sentiment,P2,new,catalog
论文\投资者情绪相关论文\Top Journals\金融研究\凯恩斯选美竞赛与分析师预测...——基于高阶预期的研究视角_游家兴.pdf,凯恩斯选美竞赛与分析师预测...——基于高阶预期的研究视角_游家兴.pdf,.pdf,472508,2026-05-21T23:42:56,论文,pdf,sentiment,P2,new,catalog
论文\投资者情绪相关论文\Top Journals\金融研究\媒体公关、投资者情绪与证券发行定价_邵新建.pdf,媒体公关、投资者情绪与证券发行定价_邵新建.pdf,.pdf,532468,2026-05-21T23:42:56,论文,pdf,sentiment,P2,new,catalog
论文\投资者情绪相关论文\Top Journals\金融研究\媒体语气、投资者情绪与IPO定价_汪昌云.pdf,媒体语气、投资者情绪与IPO定价_汪昌云.pdf,.pdf,515794,2026-05-21T23:42:56,论文,pdf,sentiment,P2,new,catalog
论文\投资者情绪相关论文\Top Journals\金融研究\投资者情绪、承销商定价与IPO新股回报率_邵新建.pdf,投资者情绪、承销商定价与IPO新股回报率_邵新建.pdf,.pdf,1543564,2026-05-21T23:42:56,论文,pdf,sentiment,P2,new,catalog
论文\投资者情绪相关论文\Top Journals\金融研究\投资者情绪、管理者乐观主义与企业投资行为_花贵如.pdf,投资者情绪、管理者乐观主义与企业投资行为_花贵如.pdf,.pdf,1231435,2026-05-21T23:42:56,论文,pdf,sentiment,P2,new,catalog
论文\投资者情绪相关论文\Top Journals\金融研究\投资者情绪能够解释ETF的...——来自A股市场的经验证据_李凤羽.pdf,投资者情绪能够解释ETF的...——来自A股市场的经验证据_李凤羽.pdf,.pdf,1392836,2026-05-21T23:42:56,论文,pdf,sentiment|fund_etf,P2,new,catalog
论文\投资者情绪相关论文\Top Journals\金融研究\投资者有限关注与限售股解禁_贾春新.pdf,投资者有限关注与限售股解禁_贾春新.pdf,.pdf,1322968,2026-05-21T23:42:56,论文,pdf,sentiment,P2,new,catalog
论文\投资者情绪相关论文\Top Journals\金融研究\本地偏好、投资者情绪与股票...率_来自网络论坛的经验证据_杨晓兰.pdf,本地偏好、投资者情绪与股票...率_来自网络论坛的经验证据_杨晓兰.pdf,.pdf,587750,2026-05-21T23:42:56,论文,pdf,sentiment,P2,new,catalog
论文\投资者情绪相关论文\Top Journals\金融研究\系统性定价偏误_中国A股盈余公告后的价格漂移研究_陆婷.pdf,系统性定价偏误_中国A股盈余公告后的价格漂移研究_陆婷.pdf,.pdf,1260645,2026-05-21T23:42:56,论文,pdf,sentiment,P2,new,catalog
论文\投资者情绪相关论文\Top Journals\金融研究\网络搜索能预测股票市场吗__张谊浩.pdf,网络搜索能预测股票市场吗__张谊浩.pdf,.pdf,1787066,2026-05-21T23:42:56,论文,pdf,sentiment,P2,new,catalog
论文\投资者情绪相关论文\复杂网络\Investor_Sentiment_in_the_Financial_Market_with_Small_World_Networks.pdf,Investor_Sentiment_in_the_Financial_Market_with_Small_World_Networks.pdf,.pdf,107556,2026-05-21T23:42:56,论文,pdf,sentiment,P2,new,catalog
论文\投资者情绪相关论文\投资者情绪与新闻媒体情绪\Information markets and the comovement of asset prices.pdf,Information markets and the comovement of asset prices.pdf,.pdf,271029,2026-05-21T23:42:56,论文,pdf,sentiment,P2,new,catalog
论文\投资者情绪相关论文\综述类\Zhou - 2018 - Measuring Investor Sentiment.pdf,Zhou - 2018 - Measuring Investor Sentiment.pdf,.pdf,372227,2026-05-21T23:42:56,论文,pdf,sentiment,P2,new,catalog
论文\行为金融学论文\'Superstition' in the Pigeon.pdf,'Superstition' in the Pigeon.pdf,.pdf,2894523,2026-05-21T23:42:56,论文,pdf,behavioral,P2,new,catalog
论文\行为金融学论文\An Outline of My Main Contributions To Economic Science .pdf,An Outline of My Main Contributions To Economic Science .pdf,.pdf,307464,2026-05-21T23:42:56,论文,pdf,behavioral|ml,P2,new,catalog
论文\行为金融学论文\Behavioral corporate finance_ An updated survey.pdf,Behavioral corporate finance_ An updated survey.pdf,.pdf,537386,2026-05-21T23:42:56,论文,pdf,behavioral,P2,new,catalog
"论文\行为金融学论文\Choices,Values and Frames.pdf","Choices,Values and Frames.pdf",.pdf,1047470,2026-05-21T23:42:56,论文,pdf,behavioral,P2,new,catalog
论文\行为金融学论文\Does the Stock Market Overreact.pdf,Does the Stock Market Overreact.pdf,.pdf,276806,2026-05-21T23:42:56,论文,pdf,behavioral,P2,new,catalog
论文\行为金融学论文\Investor behavior in the October 1987 stock market crash_ Survey evidence.pdf,Investor behavior in the October 1987 stock market crash_ Survey evidence.pdf,.pdf,281438,2026-05-21T23:42:56,论文,pdf,behavioral,P2,new,catalog
论文\行为金融学论文\Is There a Bubble in the housing market.pdf,Is There a Bubble in the housing market.pdf,.pdf,352645,2026-05-21T23:42:56,论文,pdf,behavioral,P2,new,catalog
论文\行为金融学论文\Judgment under Uncertainty_ Heuristics and Biases_ Biases in judgments reveal some heuristics of thinking under uncertainty..pdf,Judgment under Uncertainty_ Heuristics and Biases_ Biases in judgments reveal some heuristics of thinking under uncertainty..pdf,.pdf,1119501,2026-05-21T23:42:56,论文,pdf,behavioral|ml,P2,new,catalog
论文\行为金融学论文\Know What You’re Protesting - Economic View - The New York Times.pdf,Know What You’re Protesting - Economic View - The New York Times.pdf,.pdf,2974027,2026-05-21T23:42:56,论文,pdf,behavioral,P2,new,catalog
论文\行为金融学论文\Learning to be overconfident.pdf,Learning to be overconfident.pdf,.pdf,293656,2026-05-21T23:42:56,论文,pdf,behavioral,P2,new,catalog
论文\行为金融学论文\Overconfidence in case-study judgments..pdf,Overconfidence in case-study judgments..pdf,.pdf,383409,2026-05-21T23:42:56,论文,pdf,behavioral,P2,new,catalog
论文\行为金融学论文\REFLECTIONS ON THE inter-industry wage structure.pdf,REFLECTIONS ON THE inter-industry wage structure.pdf,.pdf,482689,2026-05-21T23:42:56,论文,pdf,behavioral,P2,new,catalog
论文\行为金融学论文\Stock Prices and Social Dynamics.pdf,Stock Prices and Social Dynamics.pdf,.pdf,2132893,2026-05-21T23:42:56,论文,pdf,behavioral,P2,new,catalog
论文\行为金融学论文\Testing the random walk hypothesis_power versus frequency of observation.pdf,Testing the random walk hypothesis_power versus frequency of observation.pdf,.pdf,492338,2026-05-21T23:42:56,论文,pdf,behavioral,P2,new,catalog
论文\行为金融学论文\THE EFFICIENCY OF THE MARKET FOR single family homes.pdf,THE EFFICIENCY OF THE MARKET FOR single family homes.pdf,.pdf,194803,2026-05-21T23:42:56,论文,pdf,behavioral,P2,new,catalog
论文\行为金融学论文\The end of Behavioral Finance.pdf,The end of Behavioral Finance.pdf,.pdf,495191,2026-05-21T23:42:56,论文,pdf,behavioral,P2,new,catalog
资料\卖方金工研报\华泰人工智能\华泰证券-华泰人工智能系列之10：宏观周期指标应用于随机森林选股.pdf,华泰证券-华泰人工智能系列之10：宏观周期指标应用于随机森林选股.pdf,.pdf,1771596,2026-05-21T23:42:56,资料,pdf,ml|macro,P2,new,catalog
资料\卖方金工研报\华泰人工智能\华泰证券-华泰人工智能系列之11：人工智能选股之stacking集成学习.pdf,华泰证券-华泰人工智能系列之11：人工智能选股之stacking集成学习.pdf,.pdf,2532689,2026-05-21T23:42:56,资料,pdf,ml,P2,new,catalog
资料\卖方金工研报\华泰人工智能\华泰证券-华泰人工智能系列之12：人工智能选股之特征选择.pdf,华泰证券-华泰人工智能系列之12：人工智能选股之特征选择.pdf,.pdf,1600004,2026-05-21T23:42:57,资料,pdf,ml,P2,new,catalog
资料\卖方金工研报\华泰人工智能\华泰证券-华泰人工智能系列之13：人工智能选股之损失函数的改进.pdf,华泰证券-华泰人工智能系列之13：人工智能选股之损失函数的改进.pdf,.pdf,1451204,2026-05-21T23:42:57,资料,pdf,ml,P2,new,catalog
资料\卖方金工研报\华泰人工智能\华泰证券-华泰人工智能系列之14：对抗过拟合：从时序交叉验证谈起.pdf,华泰证券-华泰人工智能系列之14：对抗过拟合：从时序交叉验证谈起.pdf,.pdf,1789893,2026-05-21T23:42:57,资料,pdf,ml,P2,new,catalog
资料\卖方金工研报\华泰人工智能\华泰证券-华泰人工智能系列之15：人工智能选股之卷积神经网络.pdf,华泰证券-华泰人工智能系列之15：人工智能选股之卷积神经网络.pdf,.pdf,1569691,2026-05-21T23:42:57,资料,pdf,ml,P2,new,catalog
资料\卖方金工研报\华泰人工智能\华泰证券-华泰人工智能系列之16：再论时序交叉验证对抗过拟合.pdf,华泰证券-华泰人工智能系列之16：再论时序交叉验证对抗过拟合.pdf,.pdf,1197623,2026-05-21T23:42:57,资料,pdf,ml,P2,new,catalog
资料\卖方金工研报\华泰人工智能\华泰证券-华泰人工智能系列之17：人工智能选股之数据标注方法实证.pdf,华泰证券-华泰人工智能系列之17：人工智能选股之数据标注方法实证.pdf,.pdf,2458308,2026-05-21T23:42:57,资料,pdf,data|ml,P2,new,catalog
资料\卖方金工研报\华泰人工智能\华泰证券-华泰人工智能系列之18：机器学习选股模型的调仓频率实证.pdf,华泰证券-华泰人工智能系列之18：机器学习选股模型的调仓频率实证.pdf,.pdf,1585401,2026-05-21T23:42:57,资料,pdf,ml,P2,new,catalog
资料\卖方金工研报\华泰人工智能\华泰证券-华泰人工智能系列之19：偶然中的必然：重采样技术检验过拟合.pdf,华泰证券-华泰人工智能系列之19：偶然中的必然：重采样技术检验过拟合.pdf,.pdf,2609761,2026-05-21T23:42:57,资料,pdf,ml,P2,new,catalog
资料\卖方金工研报\华泰人工智能\华泰证券-华泰人工智能系列之20：必然中的偶然：机器学习中的随机数.pdf,华泰证券-华泰人工智能系列之20：必然中的偶然：机器学习中的随机数.pdf,.pdf,1356399,2026-05-21T23:42:57,资料,pdf,ml,P2,new,catalog
资料\卖方金工研报\华泰人工智能\华泰证券-华泰人工智能系列之24：真假序列识别研究-投石问路：技术分析可靠否？.pdf,华泰证券-华泰人工智能系列之24：真假序列识别研究-投石问路：技术分析可靠否？.pdf,.pdf,2753191,2026-05-21T23:42:57,资料,pdf,ml,P2,new,catalog
资料\卖方金工研报\华泰人工智能\华泰证券-华泰人工智能系列之25——真假序列识别再探：市场弱有效性检验与择时战场选择.pdf,华泰证券-华泰人工智能系列之25——真假序列识别再探：市场弱有效性检验与择时战场选择.pdf,.pdf,3958363,2026-05-21T23:42:57,资料,pdf,timing|ml,P2,new,catalog
资料\卖方金工研报\华泰人工智能\华泰证券-华泰人工智能系列之26：遗传规划在CTA信号挖掘中的应用.pdf,华泰证券-华泰人工智能系列之26：遗传规划在CTA信号挖掘中的应用.pdf,.pdf,2660116,2026-05-21T23:42:57,资料,pdf,ml,P2,new,catalog
资料\卖方金工研报\华泰人工智能\华泰证券-华泰人工智能系列之27：揭开机器学习模型的“黑箱”.pdf,华泰证券-华泰人工智能系列之27：揭开机器学习模型的“黑箱”.pdf,.pdf,2211012,2026-05-21T23:42:57,资料,pdf,ml,P2,new,catalog
资料\卖方金工研报\华泰人工智能\华泰证券-华泰人工智能系列之28：基于量价的人工智能选股体系概览.pdf,华泰证券-华泰人工智能系列之28：基于量价的人工智能选股体系概览.pdf,.pdf,3015325,2026-05-21T23:42:57,资料,pdf,ml,P2,new,catalog
资料\卖方金工研报\华泰人工智能\华泰证券-华泰人工智能系列之29：提升超额收益 另类标签和集成学习.pdf,华泰证券-华泰人工智能系列之29：提升超额收益 另类标签和集成学习.pdf,.pdf,1478808,2026-05-21T23:42:57,资料,pdf,ml,P2,new,catalog
资料\卖方金工研报\华泰人工智能\华泰证券-华泰人工智能系列之2：人工智能选股之广义线性模型.pdf,华泰证券-华泰人工智能系列之2：人工智能选股之广义线性模型.pdf,.pdf,2679356,2026-05-21T23:42:57,资料,pdf,ml,P2,new,catalog
资料\卖方金工研报\华泰人工智能\华泰证券-华泰人工智能系列之30：从关联到逻辑：因果推断初探.pdf,华泰证券-华泰人工智能系列之30：从关联到逻辑：因果推断初探.pdf,.pdf,1828055,2026-05-21T23:42:57,资料,pdf,ml,P2,new,catalog
资料\卖方金工研报\华泰人工智能\华泰证券-华泰人工智能系列之31：生成对抗网络GAN初探.pdf,华泰证券-华泰人工智能系列之31：生成对抗网络GAN初探.pdf,.pdf,3863168,2026-05-21T23:42:57,资料,pdf,ml,P2,new,catalog
资料\卖方金工研报\华泰人工智能\华泰证券-华泰人工智能系列之33：数据模式探索：无监督学习案例.pdf,华泰证券-华泰人工智能系列之33：数据模式探索：无监督学习案例.pdf,.pdf,2629018,2026-05-21T23:42:57,资料,pdf,data|ml,P2,new,catalog
资料\卖方金工研报\华泰人工智能\华泰证券-华泰人工智能系列之35：WGAN应用于金融时间序列生成.pdf,华泰证券-华泰人工智能系列之35：WGAN应用于金融时间序列生成.pdf,.pdf,3319102,2026-05-21T23:42:57,资料,pdf,ml,P2,new,catalog
资料\卖方金工研报\华泰人工智能\华泰证券-华泰人工智能系列之36：相对生成对抗网络RGAN实证.pdf,华泰证券-华泰人工智能系列之36：相对生成对抗网络RGAN实证.pdf,.pdf,4403346,2026-05-21T23:42:57,资料,pdf,ml,P2,new,catalog
资料\卖方金工研报\华泰人工智能\华泰证券-华泰人工智能系列之38：WGAN生成：从单资产到多资产.pdf,华泰证券-华泰人工智能系列之38：WGAN生成：从单资产到多资产.pdf,.pdf,3425417,2026-05-21T23:42:57,资料,pdf,ml,P2,new,catalog
资料\卖方金工研报\华泰人工智能\华泰证券-华泰人工智能系列之3：人工智能选股之支持向量机模型.pdf,华泰证券-华泰人工智能系列之3：人工智能选股之支持向量机模型.pdf,.pdf,3253240,2026-05-21T23:42:57,资料,pdf,ml,P2,new,catalog
资料\卖方金工研报\华泰人工智能\华泰证券-华泰人工智能系列之40：微软AI量化投资平台Qlib体验.pdf,华泰证券-华泰人工智能系列之40：微软AI量化投资平台Qlib体验.pdf,.pdf,5658211,2026-05-21T23:42:57,资料,pdf,ml,P2,new,catalog
资料\卖方金工研报\华泰人工智能\华泰证券-华泰人工智能系列之4：人工智能选股之朴素贝叶斯模型.pdf,华泰证券-华泰人工智能系列之4：人工智能选股之朴素贝叶斯模型.pdf,.pdf,2167917,2026-05-21T23:42:57,资料,pdf,ml,P2,new,catalog
资料\卖方金工研报\华泰人工智能\华泰证券-华泰人工智能系列之5：人工智能选股之随机森林模型.pdf,华泰证券-华泰人工智能系列之5：人工智能选股之随机森林模型.pdf,.pdf,2202276,2026-05-21T23:42:57,资料,pdf,ml,P2,new,catalog
资料\卖方金工研报\华泰人工智能\华泰证券-华泰人工智能系列之6：人工智能选股之Boosting模型.pdf,华泰证券-华泰人工智能系列之6：人工智能选股之Boosting模型.pdf,.pdf,2851628,2026-05-21T23:42:57,资料,pdf,ml,P2,new,catalog
资料\卖方金工研报\华泰人工智能\华泰证券-华泰人工智能系列之7：人工智能选股之Python实战.pdf,华泰证券-华泰人工智能系列之7：人工智能选股之Python实战.pdf,.pdf,4435647,2026-05-21T23:42:57,资料,pdf,ml,P2,new,catalog
资料\卖方金工研报\华泰人工智能\华泰证券-华泰人工智能系列之8：人工智能选股之全连接神经网络.pdf,华泰证券-华泰人工智能系列之8：人工智能选股之全连接神经网络.pdf,.pdf,2004939,2026-05-21T23:42:57,资料,pdf,ml,P2,new,catalog
资料\卖方金工研报\华泰人工智能\华泰证券-华泰人工智能系列之9：人工智能选股之循环神经网络模型.pdf,华泰证券-华泰人工智能系列之9：人工智能选股之循环神经网络模型.pdf,.pdf,2043088,2026-05-21T23:42:57,资料,pdf,ml,P2,new,catalog
资料\卖方金工研报\另类交易策略系列\另类交易策略系列之一：基于混沌理论的股指期货噪声趋势交易策略.pdf,另类交易策略系列之一：基于混沌理论的股指期货噪声趋势交易策略.pdf,.pdf,596244,2026-05-21T23:42:57,资料,pdf,timing|derivatives,P2,new,catalog
资料\卖方金工研报\另类交易策略系列\另类交易策略系列之七：在标度不变性破缺下洞察资金流向——MFT交易策略.pdf,另类交易策略系列之七：在标度不变性破缺下洞察资金流向——MFT交易策略.pdf,.pdf,737086,2026-05-21T23:42:57,资料,pdf,uncategorized,P2,new,catalog
资料\卖方金工研报\另类交易策略系列\另类交易策略系列之三十一：快速趋势识别下的金融期货交易策略.pdf,另类交易策略系列之三十一：快速趋势识别下的金融期货交易策略.pdf,.pdf,1367918,2026-05-21T23:42:57,资料,pdf,timing|derivatives,P2,new,catalog
资料\卖方金工研报\另类交易策略系列\另类交易策略系列之三十二：从成份股一致性来衡量市场的趋势.pdf,另类交易策略系列之三十二：从成份股一致性来衡量市场的趋势.pdf,.pdf,1508720,2026-05-21T23:42:57,资料,pdf,timing,P2,new,catalog
资料\卖方金工研报\另类交易策略系列\另类交易策略系列之三：多项式拟合的股指期货趋势交易(LPTT)策略.pdf,另类交易策略系列之三：多项式拟合的股指期货趋势交易(LPTT)策略.pdf,.pdf,903840,2026-05-21T23:42:57,资料,pdf,timing|derivatives,P2,new,catalog
资料\卖方金工研报\另类交易策略系列\另类交易策略系列之九：基于遗传规划的智能交易策略方法.pdf,另类交易策略系列之九：基于遗传规划的智能交易策略方法.pdf,.pdf,1126306,2026-05-21T23:42:57,资料,pdf,uncategorized,P2,new,catalog
资料\卖方金工研报\另类交易策略系列\另类交易策略系列之二十一：基于市场情绪平稳度的股指期货日内交易策略.pdf,另类交易策略系列之二十一：基于市场情绪平稳度的股指期货日内交易策略.pdf,.pdf,3383422,2026-05-21T23:42:57,资料,pdf,sentiment|derivatives,P2,new,catalog
资料\卖方金工研报\另类交易策略系列\另类交易策略系列之二十七：均线交叉策略的另类创新研究.pdf,另类交易策略系列之二十七：均线交叉策略的另类创新研究.pdf,.pdf,904441,2026-05-21T23:42:57,资料,pdf,uncategorized,P2,new,catalog
资料\卖方金工研报\另类交易策略系列\另类交易策略系列之二十三：股指期货高频追杀趋势策略.pdf,另类交易策略系列之二十三：股指期货高频追杀趋势策略.pdf,.pdf,1149002,2026-05-21T23:42:57,资料,pdf,timing|derivatives,P2,new,catalog
资料\卖方金工研报\另类交易策略系列\另类交易策略系列之二十九：全球商品期货量化交易策略初探.pdf,另类交易策略系列之二十九：全球商品期货量化交易策略初探.pdf,.pdf,1368671,2026-05-21T23:42:57,资料,pdf,derivatives,P2,new,catalog
资料\卖方金工研报\另类交易策略系列\另类交易策略系列之二十二：风格动量下的股指期货跨品种套利策略.pdf,另类交易策略系列之二十二：风格动量下的股指期货跨品种套利策略.pdf,.pdf,1021697,2026-05-21T23:42:57,资料,pdf,timing|derivatives,P2,new,catalog
资料\卖方金工研报\另类交易策略系列\另类交易策略系列之二十五：价量模式匹配股指期货交易策略.pdf,另类交易策略系列之二十五：价量模式匹配股指期货交易策略.pdf,.pdf,1623546,2026-05-21T23:42:57,资料,pdf,derivatives,P2,new,catalog
资料\卖方金工研报\另类交易策略系列\另类交易策略系列之二十八：再论RSI指标在股指期货日内交易中的使用.pdf,另类交易策略系列之二十八：再论RSI指标在股指期货日内交易中的使用.pdf,.pdf,1413509,2026-05-21T23:42:57,资料,pdf,derivatives,P2,new,catalog
资料\卖方金工研报\另类交易策略系列\另类交易策略系列之二十六——境外中概股股指期货对于A股市场择时研究.pdf,另类交易策略系列之二十六——境外中概股股指期货对于A股市场择时研究.pdf,.pdf,1951294,2026-05-21T23:42:57,资料,pdf,timing|derivatives,P2,new,catalog
资料\卖方金工研报\另类交易策略系列\另类交易策略系列之二十四——观日内趋势，察行业轮动，品风格套利.pdf,另类交易策略系列之二十四——观日内趋势，察行业轮动，品风格套利.pdf,.pdf,1598545,2026-05-21T23:42:57,资料,pdf,timing,P2,new,catalog
资料\卖方金工研报\另类交易策略系列\另类交易策略系列之二十：期权对标的指数走势的预测性分析.pdf,另类交易策略系列之二十：期权对标的指数走势的预测性分析.pdf,.pdf,986013,2026-05-21T23:42:57,资料,pdf,derivatives,P2,new,catalog
资料\卖方金工研报\另类交易策略系列\另类交易策略系列之五：基于缠中说禅之分型通道趋势交易系统.pdf,另类交易策略系列之五：基于缠中说禅之分型通道趋势交易系统.pdf,.pdf,1218819,2026-05-21T23:42:57,资料,pdf,timing,P2,new,catalog
资料\卖方金工研报\另类交易策略系列\另类交易策略系列之八：基于时域分形的相似性匹配日内低频交易策略（SMT）.pdf,另类交易策略系列之八：基于时域分形的相似性匹配日内低频交易策略（SMT）.pdf,.pdf,973832,2026-05-21T23:42:57,资料,pdf,uncategorized,P2,new,catalog
资料\卖方金工研报\另类交易策略系列\另类交易策略系列之六：基于GFTD的期指日内程序化交易策略.pdf,另类交易策略系列之六：基于GFTD的期指日内程序化交易策略.pdf,.pdf,707352,2026-05-21T23:42:57,资料,pdf,uncategorized,P2,new,catalog
资料\卖方金工研报\另类交易策略系列\另类交易策略系列之十一：日内突破模式及其资金管理的多重比较研究.pdf,另类交易策略系列之十一：日内突破模式及其资金管理的多重比较研究.pdf,.pdf,2621336,2026-05-21T23:42:57,资料,pdf,uncategorized,P2,new,catalog
资料\卖方金工研报\另类交易策略系列\另类交易策略系列之十七：深度学习股指期货日内交易策略.pdf,另类交易策略系列之十七：深度学习股指期货日内交易策略.pdf,.pdf,1868959,2026-05-21T23:42:57,资料,pdf,ml|derivatives,P2,new,catalog
资料\卖方金工研报\另类交易策略系列\另类交易策略系列之十三：基于统计语言模型（SLM）的择时交易研究.pdf,另类交易策略系列之十三：基于统计语言模型（SLM）的择时交易研究.pdf,.pdf,649506,2026-05-21T23:42:57,资料,pdf,timing,P2,new,catalog
资料\卖方金工研报\另类交易策略系列\另类交易策略系列之十九：带反转的加强版EMDT交易策略.pdf,另类交易策略系列之十九：带反转的加强版EMDT交易策略.pdf,.pdf,812673,2026-05-21T23:42:57,资料,pdf,timing,P2,new,catalog
资料\卖方金工研报\另类交易策略系列\另类交易策略系列之十二：基于遗传规划多维变量的股指期货交易策略.pdf,另类交易策略系列之十二：基于遗传规划多维变量的股指期货交易策略.pdf,.pdf,1384190,2026-05-21T23:42:57,资料,pdf,derivatives,P2,new,catalog
资料\卖方金工研报\另类交易策略系列\另类交易策略系列之十五：识别趋势震荡之神器MESA.pdf,另类交易策略系列之十五：识别趋势震荡之神器MESA.pdf,.pdf,1379452,2026-05-21T23:42:57,资料,pdf,timing,P2,new,catalog
资料\卖方金工研报\另类交易策略系列\另类交易策略系列之十八：厚尾分布下的随机区间突破策略.pdf,另类交易策略系列之十八：厚尾分布下的随机区间突破策略.pdf,.pdf,945295,2026-05-21T23:42:57,资料,pdf,uncategorized,P2,new,catalog
资料\卖方金工研报\另类交易策略系列\另类交易策略系列之十六：波段形态识别模型(WPRM)及期指交易策略应用.pdf,另类交易策略系列之十六：波段形态识别模型(WPRM)及期指交易策略应用.pdf,.pdf,1090841,2026-05-21T23:42:57,资料,pdf,uncategorized,P2,new,catalog
资料\卖方金工研报\另类交易策略系列\另类交易策略系列之十四：经验模态分解下的日内趋势交易策略.pdf,另类交易策略系列之十四：经验模态分解下的日内趋势交易策略.pdf,.pdf,964424,2026-05-21T23:42:57,资料,pdf,timing,P2,new,catalog
资料\卖方金工研报\另类交易策略系列\另类交易策略系列之十：基于遗传算法的期指日内交易系统.pdf,另类交易策略系列之十：基于遗传算法的期指日内交易系统.pdf,.pdf,995802,2026-05-21T23:42:57,资料,pdf,uncategorized,P2,new,catalog
资料\卖方金工研报\基金研究\2021-11-26_信达证券_基金研究系列之六：基金标签体系-资产配置与行业主题配置.pdf,2021-11-26_信达证券_基金研究系列之六：基金标签体系-资产配置与行业主题配置.pdf,.pdf,3147863,2026-05-21T23:42:57,资料,pdf,fund_etf,P2,new,catalog
资料\卖方金工研报\基金研究\2021-12-30_中银证券_“固收+”基金研究系列之一：替代银行理财的投资工具.pdf,2021-12-30_中银证券_“固收+”基金研究系列之一：替代银行理财的投资工具.pdf,.pdf,2200226,2026-05-21T23:42:57,资料,pdf,fund_etf,P2,new,catalog
资料\卖方金工研报\基金研究\2022-01-15_信达证券_基金研究系列之七：基金标签体系-主动股混基金的风格刻画.pdf,2022-01-15_信达证券_基金研究系列之七：基金标签体系-主动股混基金的风格刻画.pdf,.pdf,2949956,2026-05-21T23:42:57,资料,pdf,fund_etf,P2,new,catalog
资料\卖方金工研报\基金研究\2022-10-31_中信期货_FOF配置公募基金研究系列专题报告之一：类聚群分，权益公募如何择优.pdf,2022-10-31_中信期货_FOF配置公募基金研究系列专题报告之一：类聚群分，权益公募如何择优.pdf,.pdf,4195489,2026-05-21T23:42:57,资料,pdf,fund_etf|derivatives,P2,new,catalog
资料\卖方金工研报\期货量化\2019-04-10_东证期货_金融工程_国内商品期货交易与投资特征画像.pdf,2019-04-10_东证期货_金融工程_国内商品期货交易与投资特征画像.pdf,.pdf,5163248,2026-05-21T23:42:57,资料,pdf,derivatives,P2,new,catalog
资料\卖方金工研报\量化前景\2021-02-23_海通证券_金融工程_主动权益风头正劲，量化仍是一条值得布局和深耕的赛道吗？.pdf,2021-02-23_海通证券_金融工程_主动权益风头正劲，量化仍是一条值得布局和深耕的赛道吗？.pdf,.pdf,2877565,2026-05-21T23:42:58,资料,pdf,uncategorized,P2,new,catalog
资料\卖方金工研报\量化前景\rflr-artificial-intelligence-in-asset-management.pdf,rflr-artificial-intelligence-in-asset-management.pdf,.pdf,1358957,2026-05-21T23:42:58,资料,pdf,uncategorized,P2,new,catalog
data\papers\2025-11-28.json,2025-11-28.json,.json,177113,2026-05-21T23:42:56,data,data,data,P3,new,defer
data\papers\2025-12-01.json,2025-12-01.json,.json,102396,2026-05-21T23:42:56,data,data,data,P3,new,defer
data\papers\2025-12-02.json,2025-12-02.json,.json,165685,2026-05-21T23:42:56,data,data,data,P3,new,defer
data\papers\2025-12-03.json,2025-12-03.json,.json,90503,2026-05-21T23:42:56,data,data,data,P3,new,defer
data\papers\2025-12-04.json,2025-12-04.json,.json,92103,2026-05-21T23:42:56,data,data,data,P3,new,defer
data\papers\2025-12-05.json,2025-12-05.json,.json,88069,2026-05-21T23:42:56,data,data,data,P3,new,defer
data\papers\2025-12-09.json,2025-12-09.json,.json,92253,2026-05-21T23:42:56,data,data,data,P3,new,defer
data\papers\2025-12-10.json,2025-12-10.json,.json,43569,2026-05-21T23:42:56,data,data,data,P3,new,defer
data\papers\2025-12-11.json,2025-12-11.json,.json,24818,2026-05-21T23:42:56,data,data,data,P3,new,defer
data\papers\2025-12-12.json,2025-12-12.json,.json,31236,2026-05-21T23:42:56,data,data,data,P3,new,defer
data\papers\2025-12-15.json,2025-12-15.json,.json,75949,2026-05-21T23:42:56,data,data,data,P3,new,defer
data\papers\2025-12-16.json,2025-12-16.json,.json,14510,2026-05-21T23:42:56,data,data,data,P3,new,defer
data\papers\2025-12-17.json,2025-12-17.json,.json,77049,2026-05-21T23:42:56,data,data,data,P3,new,defer
data\papers\2025-12-18.json,2025-12-18.json,.json,54971,2026-05-21T23:42:56,data,data,data,P3,new,defer
data\papers\2025-12-19.json,2025-12-19.json,.json,44873,2026-05-21T23:42:56,data,data,data,P3,new,defer
data\papers\2025-12-22.json,2025-12-22.json,.json,35215,2026-05-21T23:42:56,data,data,data,P3,new,defer
data\papers\2025-12-24.json,2025-12-24.json,.json,83509,2026-05-21T23:42:56,data,data,data,P3,new,defer
data\papers\2025-12-25.json,2025-12-25.json,.json,28558,2026-05-21T23:42:56,data,data,data,P3,new,defer
data\papers\2025-12-29.json,2025-12-29.json,.json,56558,2026-05-21T23:42:56,data,data,data,P3,new,defer
data\papers\2025-12-30.json,2025-12-30.json,.json,63083,2026-05-21T23:42:56,data,data,data,P3,new,defer
data\papers\2026-01-01.json,2026-01-01.json,.json,63497,2026-05-21T23:42:56,data,data,data,P3,new,defer
data\papers\2026-01-05.json,2026-01-05.json,.json,44137,2026-05-21T23:42:56,data,data,data,P3,new,defer
data\papers\2026-01-06.json,2026-01-06.json,.json,74591,2026-05-21T23:42:56,data,data,data,P3,new,defer
data\papers\2026-01-07.json,2026-01-07.json,.json,47310,2026-05-21T23:42:56,data,data,data,P3,new,defer
data\papers\2026-01-08.json,2026-01-08.json,.json,34975,2026-05-21T23:42:56,data,data,data,P3,new,defer
data\papers\2026-01-09.json,2026-01-09.json,.json,65474,2026-05-21T23:42:56,data,data,data,P3,new,defer
data\papers\2026-01-12.json,2026-01-12.json,.json,54166,2026-05-21T23:42:56,data,data,data,P3,new,defer
data\papers\2026-01-13.json,2026-01-13.json,.json,62918,2026-05-21T23:42:56,data,data,data,P3,new,defer
data\papers\2026-01-14.json,2026-01-14.json,.json,50521,2026-05-21T23:42:56,data,data,data,P3,new,defer
data\papers\2026-01-15.json,2026-01-15.json,.json,43645,2026-05-21T23:42:56,data,data,data,P3,new,defer
data\papers\2026-01-16.json,2026-01-16.json,.json,56125,2026-05-21T23:42:56,data,data,data,P3,new,defer
data\papers\2026-01-19.json,2026-01-19.json,.json,50306,2026-05-21T23:42:56,data,data,data,P3,new,defer
data\papers\2026-01-21.json,2026-01-21.json,.json,91695,2026-05-21T23:42:56,data,data,data,P3,new,defer
data\papers\2026-01-22.json,2026-01-22.json,.json,37868,2026-05-21T23:42:56,data,data,data,P3,new,defer
data\papers\2026-01-23.json,2026-01-23.json,.json,34956,2026-05-21T23:42:56,data,data,data,P3,new,defer
data\papers\2026-01-26.json,2026-01-26.json,.json,31678,2026-05-21T23:42:56,data,data,data,P3,new,defer
data\papers\2026-01-27.json,2026-01-27.json,.json,55303,2026-05-21T23:42:56,data,data,data,P3,new,defer
data\papers\2026-01-28.json,2026-01-28.json,.json,50202,2026-05-21T23:42:56,data,data,data,P3,new,defer
data\papers\2026-01-29.json,2026-01-29.json,.json,57476,2026-05-21T23:42:56,data,data,data,P3,new,defer
data\papers\2026-01-30.json,2026-01-30.json,.json,46078,2026-05-21T23:42:56,data,data,data,P3,new,defer
data\papers\2026-02-02.json,2026-02-02.json,.json,56684,2026-05-21T23:42:56,data,data,data,P3,new,defer
data\papers\2026-02-03.json,2026-02-03.json,.json,85689,2026-05-21T23:42:56,data,data,data,P3,new,defer
data\papers\2026-02-04.json,2026-02-04.json,.json,60668,2026-05-21T23:42:56,data,data,data,P3,new,defer
data\papers\2026-02-05.json,2026-02-05.json,.json,48363,2026-05-21T23:42:56,data,data,data,P3,new,defer
data\papers\2026-02-06.json,2026-02-06.json,.json,45087,2026-05-21T23:42:56,data,data,data,P3,new,defer
data\papers\2026-02-09.json,2026-02-09.json,.json,52560,2026-05-21T23:42:56,data,data,data,P3,new,defer
data\papers\2026-02-10.json,2026-02-10.json,.json,51184,2026-05-21T23:42:56,data,data,data,P3,new,defer
data\papers\2026-02-11.json,2026-02-11.json,.json,51620,2026-05-21T23:42:56,data,data,data,P3,new,defer
data\papers\2026-02-12.json,2026-02-12.json,.json,52161,2026-05-21T23:42:56,data,data,data,P3,new,defer
data\papers\2026-02-13.json,2026-02-13.json,.json,48918,2026-05-21T23:42:56,data,data,data,P3,new,defer
data\papers\2026-02-16.json,2026-02-16.json,.json,34350,2026-05-21T23:42:56,data,data,data,P3,new,defer
data\papers\2026-02-17.json,2026-02-17.json,.json,65669,2026-05-21T23:42:56,data,data,data,P3,new,defer
data\papers\2026-02-18.json,2026-02-18.json,.json,49808,2026-05-21T23:42:56,data,data,data,P3,new,defer
data\papers\2026-02-19.json,2026-02-19.json,.json,45485,2026-05-21T23:42:56,data,data,data,P3,new,defer
data\papers\2026-02-20.json,2026-02-20.json,.json,47943,2026-05-21T23:42:56,data,data,data,P3,new,defer
data\papers\2026-02-23.json,2026-02-23.json,.json,26174,2026-05-21T23:42:56,data,data,data,P3,new,defer
data\papers\2026-02-24.json,2026-02-24.json,.json,73139,2026-05-21T23:42:56,data,data,data,P3,new,defer
data\papers\2026-02-25.json,2026-02-25.json,.json,40809,2026-05-21T23:42:56,data,data,data,P3,new,defer
data\papers\2026-02-26.json,2026-02-26.json,.json,31355,2026-05-21T23:42:56,data,data,data,P3,new,defer
data\papers\2026-02-27.json,2026-02-27.json,.json,41956,2026-05-21T23:42:56,data,data,data,P3,new,defer
data\papers\2026-02-28.json,2026-02-28.json,.json,1450,2026-05-21T23:42:56,data,data,data,P3,new,defer
data\papers\2026-03-02.json,2026-03-02.json,.json,46661,2026-05-21T23:42:56,data,data,data,P3,new,defer
data\papers\2026-03-03.json,2026-03-03.json,.json,62892,2026-05-21T23:42:56,data,data,data,P3,new,defer
data\papers\2026-03-04.json,2026-03-04.json,.json,48278,2026-05-21T23:42:56,data,data,data,P3,new,defer
data\papers\2026-03-05.json,2026-03-05.json,.json,40002,2026-05-21T23:42:56,data,data,data,P3,new,defer
data\papers\2026-03-06.json,2026-03-06.json,.json,54526,2026-05-21T23:42:56,data,data,data,P3,new,defer
data\papers\paper_index.json,paper_index.json,.json,36867,2026-05-21T23:42:56,data,data,data,P3,new,defer
data\papers\processed\2025-11-28.json,2025-11-28.json,.json,344863,2026-05-21T23:42:56,data,data,data,P3,new,defer
data\papers\processed\2025-12-01.json,2025-12-01.json,.json,152181,2026-05-21T23:42:56,data,data,data,P3,new,defer
data\papers\processed\2025-12-02.json,2025-12-02.json,.json,244711,2026-05-21T23:42:56,data,data,data,P3,new,defer
data\papers\processed\2025-12-03.json,2025-12-03.json,.json,134671,2026-05-21T23:42:56,data,data,data,P3,new,defer
data\papers\processed\2025-12-04.json,2025-12-04.json,.json,138748,2026-05-21T23:42:56,data,data,data,P3,new,defer
data\papers\processed\2025-12-05.json,2025-12-05.json,.json,130203,2026-05-21T23:42:56,data,data,data,P3,new,defer
data\papers\processed\2025-12-09.json,2025-12-09.json,.json,141399,2026-05-21T23:42:56,data,data,data,P3,new,defer
data\papers\processed\2025-12-10.json,2025-12-10.json,.json,65334,2026-05-21T23:42:56,data,data,data,P3,new,defer
data\papers\processed\2025-12-11.json,2025-12-11.json,.json,36437,2026-05-21T23:42:56,data,data,data,P3,new,defer
data\papers\processed\2025-12-12.json,2025-12-12.json,.json,46757,2026-05-21T23:42:56,data,data,data,P3,new,defer
data\papers\processed\2025-12-15.json,2025-12-15.json,.json,83909,2026-05-21T23:42:56,data,data,data,P3,new,defer
data\papers\processed\2025-12-16.json,2025-12-16.json,.json,21403,2026-05-21T23:42:56,data,data,data,P3,new,defer
data\papers\processed\2025-12-17.json,2025-12-17.json,.json,116466,2026-05-21T23:42:56,data,data,data,P3,new,defer
data\papers\processed\2025-12-18.json,2025-12-18.json,.json,82579,2026-05-21T23:42:56,data,data,data,P3,new,defer
data\papers\processed\2025-12-19.json,2025-12-19.json,.json,66717,2026-05-21T23:42:56,data,data,data,P3,new,defer
data\papers\processed\2025-12-22.json,2025-12-22.json,.json,53639,2026-05-21T23:42:56,data,data,data,P3,new,defer
data\papers\processed\2025-12-24.json,2025-12-24.json,.json,125863,2026-05-21T23:42:56,data,data,data,P3,new,defer
data\papers\processed\2025-12-25.json,2025-12-25.json,.json,43422,2026-05-21T23:42:56,data,data,data,P3,new,defer
data\papers\processed\2025-12-29.json,2025-12-29.json,.json,85050,2026-05-21T23:42:56,data,data,data,P3,new,defer
data\papers\processed\2025-12-30.json,2025-12-30.json,.json,94439,2026-05-21T23:42:56,data,data,data,P3,new,defer
data\papers\processed\2026-01-01.json,2026-01-01.json,.json,95483,2026-05-21T23:42:56,data,data,data,P3,new,defer
data\papers\processed\2026-01-05.json,2026-01-05.json,.json,67718,2026-05-21T23:42:56,data,data,data,P3,new,defer
data\papers\processed\2026-01-06.json,2026-01-06.json,.json,108303,2026-05-21T23:42:56,data,data,data,P3,new,defer
data\papers\processed\2026-01-07.json,2026-01-07.json,.json,71396,2026-05-21T23:42:56,data,data,data,P3,new,defer
data\papers\processed\2026-01-08.json,2026-01-08.json,.json,53395,2026-05-21T23:42:56,data,data,data,P3,new,defer
data\papers\processed\2026-01-09.json,2026-01-09.json,.json,99071,2026-05-21T23:42:56,data,data,data,P3,new,defer
data\papers\processed\2026-01-12.json,2026-01-12.json,.json,80435,2026-05-21T23:42:56,data,data,data,P3,new,defer
data\papers\processed\2026-01-13.json,2026-01-13.json,.json,95587,2026-05-21T23:42:56,data,data,data,P3,new,defer
data\papers\processed\2026-01-14.json,2026-01-14.json,.json,76104,2026-05-21T23:42:56,data,data,data,P3,new,defer
data\papers\processed\2026-01-15.json,2026-01-15.json,.json,65129,2026-05-21T23:42:56,data,data,data,P3,new,defer
data\papers\processed\2026-01-16.json,2026-01-16.json,.json,83420,2026-05-21T23:42:56,data,data,data,P3,new,defer
data\papers\processed\2026-01-19.json,2026-01-19.json,.json,75339,2026-05-21T23:42:56,data,data,data,P3,new,defer
data\papers\processed\2026-01-21.json,2026-01-21.json,.json,138710,2026-05-21T23:42:56,data,data,data,P3,new,defer
data\papers\processed\2026-01-22.json,2026-01-22.json,.json,56526,2026-05-21T23:42:56,data,data,data,P3,new,defer
data\papers\processed\2026-01-23.json,2026-01-23.json,.json,52944,2026-05-21T23:42:56,data,data,data,P3,new,defer
data\papers\processed\2026-01-26.json,2026-01-26.json,.json,48737,2026-05-21T23:42:56,data,data,data,P3,new,defer
data\papers\processed\2026-01-27.json,2026-01-27.json,.json,82469,2026-05-21T23:42:56,data,data,data,P3,new,defer
data\papers\processed\2026-01-28.json,2026-01-28.json,.json,75704,2026-05-21T23:42:56,data,data,data,P3,new,defer
data\papers\processed\2026-01-29.json,2026-01-29.json,.json,83162,2026-05-21T23:42:56,data,data,data,P3,new,defer
data\papers\processed\2026-01-30.json,2026-01-30.json,.json,69862,2026-05-21T23:42:56,data,data,data,P3,new,defer
data\papers\processed\2026-02-02.json,2026-02-02.json,.json,87049,2026-05-21T23:42:56,data,data,data,P3,new,defer
data\papers\processed\2026-02-03.json,2026-02-03.json,.json,129136,2026-05-21T23:42:56,data,data,data,P3,new,defer
data\papers\processed\2026-02-04.json,2026-02-04.json,.json,80844,2026-05-21T23:42:56,data,data,data,P3,new,defer
data\papers\processed\2026-02-05.json,2026-02-05.json,.json,72854,2026-05-21T23:42:56,data,data,data,P3,new,defer
data\papers\processed\2026-02-06.json,2026-02-06.json,.json,67575,2026-05-21T23:42:56,data,data,data,P3,new,defer
data\papers\processed\2026-02-09.json,2026-02-09.json,.json,77586,2026-05-21T23:42:56,data,data,data,P3,new,defer
data\papers\processed\2026-02-10.json,2026-02-10.json,.json,75469,2026-05-21T23:42:56,data,data,data,P3,new,defer
data\papers\processed\2026-02-11.json,2026-02-11.json,.json,78627,2026-05-21T23:42:56,data,data,data,P3,new,defer
data\papers\processed\2026-02-12.json,2026-02-12.json,.json,76129,2026-05-21T23:42:56,data,data,data,P3,new,defer
data\papers\processed\2026-02-13.json,2026-02-13.json,.json,72548,2026-05-21T23:42:56,data,data,data,P3,new,defer
data\papers\processed\2026-02-16.json,2026-02-16.json,.json,51367,2026-05-21T23:42:56,data,data,data,P3,new,defer
data\papers\processed\2026-02-17.json,2026-02-17.json,.json,99389,2026-05-21T23:42:56,data,data,data,P3,new,defer
data\papers\processed\2026-02-18.json,2026-02-18.json,.json,74906,2026-05-21T23:42:56,data,data,data,P3,new,defer
data\papers\processed\2026-02-19.json,2026-02-19.json,.json,68452,2026-05-21T23:42:56,data,data,data,P3,new,defer
data\papers\processed\2026-02-20.json,2026-02-20.json,.json,71935,2026-05-21T23:42:56,data,data,data,P3,new,defer
data\papers\processed\2026-02-23.json,2026-02-23.json,.json,40330,2026-05-21T23:42:56,data,data,data,P3,new,defer
data\papers\processed\2026-02-24.json,2026-02-24.json,.json,109239,2026-05-21T23:42:56,data,data,data,P3,new,defer
data\papers\processed\2026-02-25.json,2026-02-25.json,.json,61675,2026-05-21T23:42:56,data,data,data,P3,new,defer
data\papers\processed\2026-02-26.json,2026-02-26.json,.json,48525,2026-05-21T23:42:56,data,data,data,P3,new,defer
data\papers\processed\2026-02-27.json,2026-02-27.json,.json,62987,2026-05-21T23:42:56,data,data,data,P3,new,defer
data\papers\processed\2026-02-28.json,2026-02-28.json,.json,2449,2026-05-21T23:42:56,data,data,data,P3,new,defer
data\papers\processed\2026-03-02.json,2026-03-02.json,.json,70471,2026-05-21T23:42:56,data,data,data,P3,new,defer
data\papers\processed\2026-03-03.json,2026-03-03.json,.json,97358,2026-05-21T23:42:56,data,data,data,P3,new,defer
data\papers\processed\2026-03-04.json,2026-03-04.json,.json,74043,2026-05-21T23:42:56,data,data,data,P3,new,defer
data\papers\processed\2026-03-05.json,2026-03-05.json,.json,58649,2026-05-21T23:42:56,data,data,data,P3,new,defer
data\papers\processed\2026-03-06.json,2026-03-06.json,.json,82072,2026-05-21T23:42:56,data,data,data,P3,new,defer
论文\投资者情绪相关论文\Data\Baker & Wulgar\Investor_Sentiment_Data_20220821_POST.xlsx,Investor_Sentiment_Data_20220821_POST.xlsx,.xlsx,123698,2026-05-21T23:42:56,论文,data,data|sentiment,P3,new,defer
GITHUB_ACTIONS_ISSUE.md,GITHUB_ACTIONS_ISSUE.md,.md,1632,2026-05-21T23:42:56,.,markdown,uncategorized,P3,new,defer
logs\research_log.md,research_log.md,.md,18,2026-05-22T21:04:52,logs,markdown,uncategorized,P3,new,defer
notes\research_note_template.md,research_note_template.md,.md,291,2026-05-22T21:04:52,notes,markdown,uncategorized,P3,new,defer
Old\Finance.md,Finance.md,.md,0,2026-05-21T23:42:56,Old,markdown,uncategorized,P3,new,defer
Old\Mathematics and Statistics.md,Mathematics and Statistics.md,.md,0,2026-05-21T23:42:56,Old,markdown,uncategorized,P3,new,defer
Old\Programming and Algorithm.md,Programming and Algorithm.md,.md,0,2026-05-21T23:42:56,Old,markdown,uncategorized,P3,new,defer
README.md,README.md,.md,9331,2026-05-21T23:42:56,.,markdown,uncategorized,P3,new,defer
replication_reports\replication_report_template.md,replication_report_template.md,.md,195,2026-05-22T21:04:52,replication_reports,markdown,uncategorized,P3,new,defer
论文\AI金融论文整理\daily\2025-11-28.md,2025-11-28.md,.md,123465,2026-05-21T23:42:56,论文,markdown,ml,P3,new,defer
论文\AI金融论文整理\daily\2025-11-29.md,2025-11-29.md,.md,146,2026-05-21T23:42:56,论文,markdown,ml,P3,new,defer
论文\AI金融论文整理\daily\2025-11-30.md,2025-11-30.md,.md,146,2026-05-21T23:42:56,论文,markdown,ml,P3,new,defer
论文\AI金融论文整理\daily\2025-12-01.md,2025-12-01.md,.md,54774,2026-05-21T23:42:56,论文,markdown,ml,P3,new,defer
论文\AI金融论文整理\daily\2025-12-02.md,2025-12-02.md,.md,86871,2026-05-21T23:42:56,论文,markdown,ml,P3,new,defer
论文\AI金融论文整理\daily\2025-12-03.md,2025-12-03.md,.md,146,2026-05-21T23:42:56,论文,markdown,ml,P3,new,defer
论文\AI金融论文整理\daily\2025-12-04.md,2025-12-04.md,.md,146,2026-05-21T23:42:56,论文,markdown,ml,P3,new,defer
论文\AI金融论文整理\daily\2025-12-05.md,2025-12-05.md,.md,146,2026-05-21T23:42:56,论文,markdown,ml,P3,new,defer
论文\AI金融论文整理\daily\2025-12-06.md,2025-12-06.md,.md,140,2026-05-21T23:42:56,论文,markdown,ml,P3,new,defer
论文\AI金融论文整理\daily\2025-12-07.md,2025-12-07.md,.md,140,2026-05-21T23:42:56,论文,markdown,ml,P3,new,defer
论文\AI金融论文整理\daily\2025-12-08.md,2025-12-08.md,.md,146,2026-05-21T23:42:56,论文,markdown,ml,P3,new,defer
论文\AI金融论文整理\daily\2025-12-09.md,2025-12-09.md,.md,146,2026-05-21T23:42:56,论文,markdown,ml,P3,new,defer
论文\AI金融论文整理\daily\2025-12-10.md,2025-12-10.md,.md,146,2026-05-21T23:42:56,论文,markdown,ml,P3,new,defer
论文\AI金融论文整理\daily\2025-12-11.md,2025-12-11.md,.md,146,2026-05-21T23:42:56,论文,markdown,ml,P3,new,defer
论文\AI金融论文整理\daily\2025-12-12.md,2025-12-12.md,.md,146,2026-05-21T23:42:56,论文,markdown,ml,P3,new,defer
论文\AI金融论文整理\daily\2025-12-13.md,2025-12-13.md,.md,140,2026-05-21T23:42:56,论文,markdown,ml,P3,new,defer
论文\AI金融论文整理\daily\2025-12-14.md,2025-12-14.md,.md,140,2026-05-21T23:42:56,论文,markdown,ml,P3,new,defer
论文\AI金融论文整理\daily\2025-12-15.md,2025-12-15.md,.md,10441,2026-05-21T23:42:56,论文,markdown,ml,P3,new,defer
论文\AI金融论文整理\README.md,README.md,.md,2106,2026-05-21T23:42:56,论文,markdown,ml,P3,new,defer
论文\AI金融论文整理\topics\asset-pricing.md,asset-pricing.md,.md,37698,2026-05-21T23:42:56,论文,markdown,ml,P3,new,defer
论文\AI金融论文整理\topics\behavioral-finance.md,behavioral-finance.md,.md,6853,2026-05-21T23:42:56,论文,markdown,behavioral|ml,P3,new,defer
论文\AI金融论文整理\topics\benchmark.md,benchmark.md,.md,13197,2026-05-21T23:42:56,论文,markdown,ml,P3,new,defer
论文\AI金融论文整理\topics\derivatives.md,derivatives.md,.md,11436,2026-05-21T23:42:56,论文,markdown,ml|derivatives,P3,new,defer
论文\AI金融论文整理\topics\llm-agent.md,llm-agent.md,.md,24373,2026-05-21T23:42:56,论文,markdown,ml,P3,new,defer
论文\AI金融论文整理\topics\machine-learning.md,machine-learning.md,.md,53096,2026-05-21T23:42:56,论文,markdown,ml,P3,new,defer
论文\AI金融论文整理\topics\trading.md,trading.md,.md,13107,2026-05-21T23:42:56,论文,markdown,ml,P3,new,defer
论文\投资者情绪相关论文\ComplexNetwork.md,ComplexNetwork.md,.md,0,2026-05-21T23:42:56,论文,markdown,sentiment,P3,new,defer
论文\投资者情绪相关论文\IDEA.md,IDEA.md,.md,223,2026-05-21T23:42:56,论文,markdown,sentiment,P3,new,defer
资料\数据源与另类数据.md,数据源与另类数据.md,.md,423,2026-05-21T23:42:58,资料,markdown,data,P3,new,defer
量化研究大师学习计划.md,量化研究大师学习计划.md,.md,8299,2026-05-22T21:04:39,.,markdown,uncategorized,P3,new,defer
.github\workflows\daily-arxiv.yml,daily-arxiv.yml,.yml,2046,2026-05-21T23:42:56,.github,other,ml,P3,new,defer
.github\workflows\deploy.yml,deploy.yml,.yml,1060,2026-05-21T23:42:56,.github,other,ml,P3,new,defer
.gitignore,.gitignore,none,228,2026-05-21T23:42:56,.,other,uncategorized,P3,new,defer
LICENSE,LICENSE,none,1087,2026-05-21T23:42:56,.,other,uncategorized,P3,new,defer
pic\image.png,image.png,.png,228168,2026-05-21T23:42:56,pic,other,uncategorized,P3,new,defer
pic\star-history-2025116.png,star-history-2025116.png,.png,228514,2026-05-21T23:42:56,pic,other,uncategorized,P3,new,defer
论文\投资者情绪相关论文\投资者情绪.xmind,投资者情绪.xmind,.xmind,2103225,2026-05-21T23:42:56,论文,other,sentiment,P3,new,defer
