priority,asset,asset_name,lifecycle_status,price_effective_date,inferred_factor,observed_price_ratio,ratio_residual_pct,evidence_basis,required_evidence,review_status,historical_backtest_allowed,source_status_sha256,source_run_id,resolution_status,resolution_source,official_action_type,official_event_date,official_announcement_date,official_factor,factor_correction_pct,official_source_url,validation_schema,validation_manifest_sha256,promotion_manifest_sha256,registry_match
P0,159220,港股通红利低波ETF华宝,active,2025-11-10,2.0,1.977671451,-1.116427432,zero_marker_common_factor_inference,official fund-manager or exchange share split/merger result with exact factor and effective date,pending_primary_evidence,False,5cd5d1518d5986a2ae4e7f957355c199551571109c8dd98af89ffe8f7ee23292,20260717_20260718T193335462592+0800_4fbf151bf6a9,resolved_governed_official,cninfo_official_fund_disclosure,share_split,2025-11-07,2025-11-09,2.0,0.0,https://static.cninfo.com.cn/finalpage/2025-11-10/1224794202.PDF,cninfo_etf_share_action_cross_evidence_v1,01acff627cf0c32f6c14be69d675d29c9d0283cab9109fbae704a4865dc796e7,8f7961c36a1991a5c85af9b7ffeea2d8c833724c76a917eed4862d22e3daba43,True
P0,159231,通用航空ETF华宝,active,2025-08-11,2.0,1.99338843,-0.330578512,zero_marker_common_factor_inference,official fund-manager or exchange share split/merger result with exact factor and effective date,pending_primary_evidence,False,5cd5d1518d5986a2ae4e7f957355c199551571109c8dd98af89ffe8f7ee23292,20260717_20260718T193335462592+0800_4fbf151bf6a9,resolved_governed_official,cninfo_official_fund_disclosure,share_split,2025-08-08,2025-08-10,2.0,0.0,https://static.cninfo.com.cn/finalpage/2025-08-11/1224442186.PDF,cninfo_etf_share_action_cross_evidence_v1,01acff627cf0c32f6c14be69d675d29c9d0283cab9109fbae704a4865dc796e7,8f7961c36a1991a5c85af9b7ffeea2d8c833724c76a917eed4862d22e3daba43,True
P0,159246,创业板人工智能ETF富国,active,2026-02-13,2.0,2.03871577,1.93578848,zero_marker_common_factor_inference,official fund-manager or exchange share split/merger result with exact factor and effective date,pending_primary_evidence,False,5cd5d1518d5986a2ae4e7f957355c199551571109c8dd98af89ffe8f7ee23292,20260717_20260718T193335462592+0800_4fbf151bf6a9,resolved_governed_official,cninfo_official_fund_disclosure,share_split,2026-02-12,2026-02-12,2.0,0.0,https://static.cninfo.com.cn/finalpage/2026-02-13/1224980186.PDF,cninfo_etf_share_action_cross_evidence_v1,01acff627cf0c32f6c14be69d675d29c9d0283cab9109fbae704a4865dc796e7,8f7961c36a1991a5c85af9b7ffeea2d8c833724c76a917eed4862d22e3daba43,True
P0,159305,储能电池ETF广发,active,2026-05-21,2.0,2.082230624,4.111531191,zero_marker_common_factor_inference,official fund-manager or exchange share split/merger result with exact factor and effective date,pending_primary_evidence,False,5cd5d1518d5986a2ae4e7f957355c199551571109c8dd98af89ffe8f7ee23292,20260717_20260718T193335462592+0800_4fbf151bf6a9,resolved_governed_official,cninfo_official_fund_disclosure,share_split,2026-05-20,2026-05-20,2.0,0.0,https://static.cninfo.com.cn/finalpage/2026-05-21/1225321575.PDF,cninfo_etf_share_action_cross_evidence_v1,01acff627cf0c32f6c14be69d675d29c9d0283cab9109fbae704a4865dc796e7,8f7961c36a1991a5c85af9b7ffeea2d8c833724c76a917eed4862d22e3daba43,True
P0,159320,电网设备ETF广发,active,2026-07-15,3.0,3.073482428,2.449414271,zero_marker_common_factor_inference,official fund-manager or exchange share split/merger result with exact factor and effective date,pending_primary_evidence,False,5cd5d1518d5986a2ae4e7f957355c199551571109c8dd98af89ffe8f7ee23292,20260717_20260718T193335462592+0800_4fbf151bf6a9,resolved_governed_official,cninfo_official_fund_disclosure,share_split,2026-07-14,2026-07-14,3.0,0.0,https://static.cninfo.com.cn/finalpage/2026-07-15/1225425383.PDF,cninfo_etf_share_action_cross_evidence_v1,01acff627cf0c32f6c14be69d675d29c9d0283cab9109fbae704a4865dc796e7,8f7961c36a1991a5c85af9b7ffeea2d8c833724c76a917eed4862d22e3daba43,True
P0,159363,创业板人工智能ETF华宝,active,2025-07-21,2.0,2.005050505,0.252525253,zero_marker_common_factor_inference,official fund-manager or exchange share split/merger result with exact factor and effective date,pending_primary_evidence,False,5cd5d1518d5986a2ae4e7f957355c199551571109c8dd98af89ffe8f7ee23292,20260717_20260718T193335462592+0800_4fbf151bf6a9,resolved_governed_official,cninfo_official_fund_disclosure,share_split,2025-07-18,2025-07-20,2.0,0.0,https://static.cninfo.com.cn/finalpage/2025-07-21/1224216602.PDF,cninfo_etf_share_action_cross_evidence_v1,01acff627cf0c32f6c14be69d675d29c9d0283cab9109fbae704a4865dc796e7,8f7961c36a1991a5c85af9b7ffeea2d8c833724c76a917eed4862d22e3daba43,True
P0,159368,创业板新能源ETF华夏,active,2026-07-07,2.0,2.026737968,1.336898396,zero_marker_common_factor_inference,official fund-manager or exchange share split/merger result with exact factor and effective date,pending_primary_evidence,False,5cd5d1518d5986a2ae4e7f957355c199551571109c8dd98af89ffe8f7ee23292,20260717_20260718T193335462592+0800_4fbf151bf6a9,resolved_governed_official,cninfo_official_fund_disclosure,share_split,2026-07-06,2026-07-06,2.0,0.0,https://static.cninfo.com.cn/finalpage/2026-07-07/1225412514.PDF,cninfo_etf_share_action_cross_evidence_v1,01acff627cf0c32f6c14be69d675d29c9d0283cab9109fbae704a4865dc796e7,8f7961c36a1991a5c85af9b7ffeea2d8c833724c76a917eed4862d22e3daba43,True
P0,159381,创业板人工智能ETF华夏,active,2026-06-03,2.0,1.926742532,-3.6628734,zero_marker_common_factor_inference,official fund-manager or exchange share split/merger result with exact factor and effective date,pending_primary_evidence,False,5cd5d1518d5986a2ae4e7f957355c199551571109c8dd98af89ffe8f7ee23292,20260717_20260718T193335462592+0800_4fbf151bf6a9,resolved_governed_official,cninfo_official_fund_disclosure,share_split,2026-06-02,2026-06-02,2.0,0.0,https://static.cninfo.com.cn/finalpage/2026-06-03/1225347542.PDF,cninfo_etf_share_action_cross_evidence_v1,01acff627cf0c32f6c14be69d675d29c9d0283cab9109fbae704a4865dc796e7,8f7961c36a1991a5c85af9b7ffeea2d8c833724c76a917eed4862d22e3daba43,True
P0,159387,创业板新能源ETF国泰,active,2026-03-30,2.0,2.052631579,2.631578947,zero_marker_common_factor_inference,official fund-manager or exchange share split/merger result with exact factor and effective date,pending_primary_evidence,False,5cd5d1518d5986a2ae4e7f957355c199551571109c8dd98af89ffe8f7ee23292,20260717_20260718T193335462592+0800_4fbf151bf6a9,resolved_governed_official,cninfo_official_fund_disclosure,share_split,2026-03-27,2026-03-29,2.0,0.0,https://static.cninfo.com.cn/finalpage/2026-03-30/1225045466.PDF,cninfo_etf_share_action_cross_evidence_v1,01acff627cf0c32f6c14be69d675d29c9d0283cab9109fbae704a4865dc796e7,8f7961c36a1991a5c85af9b7ffeea2d8c833724c76a917eed4862d22e3daba43,True
P0,159393,沪深300ETF万家,active,2025-03-31,0.25,0.257201646,2.880658436,zero_marker_common_factor_inference,official fund-manager or exchange share split/merger result with exact factor and effective date,pending_primary_evidence,False,5cd5d1518d5986a2ae4e7f957355c199551571109c8dd98af89ffe8f7ee23292,20260717_20260718T193335462592+0800_4fbf151bf6a9,resolved_governed_official,cninfo_official_fund_disclosure,share_conversion,2025-03-28,2025-03-28,0.255283787,2.1135147999999937,https://static.cninfo.com.cn/finalpage/2025-03-29/1222949052.PDF,cninfo_etf_share_action_cross_evidence_v1,01acff627cf0c32f6c14be69d675d29c9d0283cab9109fbae704a4865dc796e7,8f7961c36a1991a5c85af9b7ffeea2d8c833724c76a917eed4862d22e3daba43,True
P0,159507,通信ETF广发,active,2026-06-09,3.0,2.84600939,-5.133020344,zero_marker_common_factor_inference,official fund-manager or exchange share split/merger result with exact factor and effective date,pending_primary_evidence,False,5cd5d1518d5986a2ae4e7f957355c199551571109c8dd98af89ffe8f7ee23292,20260717_20260718T193335462592+0800_4fbf151bf6a9,resolved_governed_official,cninfo_official_fund_disclosure,share_split,2026-06-08,2026-06-08,3.0,0.0,https://static.cninfo.com.cn/finalpage/2026-06-09/1225358702.PDF,cninfo_etf_share_action_cross_evidence_v1,01acff627cf0c32f6c14be69d675d29c9d0283cab9109fbae704a4865dc796e7,8f7961c36a1991a5c85af9b7ffeea2d8c833724c76a917eed4862d22e3daba43,True
P0,159516,半导体设备ETF国泰,active,2026-03-30,2.0,1.948356808,-2.582159624,zero_marker_common_factor_inference,official fund-manager or exchange share split/merger result with exact factor and effective date,pending_primary_evidence,False,5cd5d1518d5986a2ae4e7f957355c199551571109c8dd98af89ffe8f7ee23292,20260717_20260718T193335462592+0800_4fbf151bf6a9,resolved_governed_official,cninfo_official_fund_disclosure,share_split,2026-03-27,2026-03-29,2.0,0.0,https://static.cninfo.com.cn/finalpage/2026-03-30/1225045464.PDF,cninfo_etf_share_action_cross_evidence_v1,01acff627cf0c32f6c14be69d675d29c9d0283cab9109fbae704a4865dc796e7,8f7961c36a1991a5c85af9b7ffeea2d8c833724c76a917eed4862d22e3daba43,True
P0,159516,半导体设备ETF国泰,active,2026-07-10,2.0,2.149171271,7.458563536,zero_marker_common_factor_inference,official fund-manager or exchange share split/merger result with exact factor and effective date,pending_primary_evidence,False,5cd5d1518d5986a2ae4e7f957355c199551571109c8dd98af89ffe8f7ee23292,20260717_20260718T193335462592+0800_4fbf151bf6a9,resolved_governed_official,cninfo_official_fund_disclosure,share_split,2026-07-09,2026-07-09,2.0,0.0,https://static.cninfo.com.cn/finalpage/2026-07-10/1225417952.PDF,cninfo_etf_share_action_cross_evidence_v1,01acff627cf0c32f6c14be69d675d29c9d0283cab9109fbae704a4865dc796e7,8f7961c36a1991a5c85af9b7ffeea2d8c833724c76a917eed4862d22e3daba43,True
P0,159537,信创ETF国泰,active,2026-06-26,2.0,2.037288136,1.86440678,zero_marker_common_factor_inference,official fund-manager or exchange share split/merger result with exact factor and effective date,pending_primary_evidence,False,5cd5d1518d5986a2ae4e7f957355c199551571109c8dd98af89ffe8f7ee23292,20260717_20260718T193335462592+0800_4fbf151bf6a9,resolved_governed_official,cninfo_official_fund_disclosure,share_split,2026-06-25,2026-06-25,2.0,0.0,https://static.cninfo.com.cn/finalpage/2026-06-26/1225389220.PDF,cninfo_etf_share_action_cross_evidence_v1,01acff627cf0c32f6c14be69d675d29c9d0283cab9109fbae704a4865dc796e7,8f7961c36a1991a5c85af9b7ffeea2d8c833724c76a917eed4862d22e3daba43,True
P0,159538,信创ETF富国,active,2026-07-17,2.0,2.18036286,9.01814301,zero_marker_common_factor_inference,official fund-manager or exchange share split/merger result with exact factor and effective date,pending_primary_evidence,False,5cd5d1518d5986a2ae4e7f957355c199551571109c8dd98af89ffe8f7ee23292,20260717_20260718T193335462592+0800_4fbf151bf6a9,resolved_governed_official,cninfo_official_fund_disclosure,share_split,2026-07-16,2026-07-16,2.0,0.0,https://static.cninfo.com.cn/finalpage/2026-07-17/1225428981.PDF,cninfo_etf_share_action_cross_evidence_v1,01acff627cf0c32f6c14be69d675d29c9d0283cab9109fbae704a4865dc796e7,8f7961c36a1991a5c85af9b7ffeea2d8c833724c76a917eed4862d22e3daba43,True
P0,159546,集成电路ETF国泰,active,2026-06-10,3.0,3.048134777,1.604492579,zero_marker_common_factor_inference,official fund-manager or exchange share split/merger result with exact factor and effective date,pending_primary_evidence,False,5cd5d1518d5986a2ae4e7f957355c199551571109c8dd98af89ffe8f7ee23292,20260717_20260718T193335462592+0800_4fbf151bf6a9,resolved_governed_official,cninfo_official_fund_disclosure,share_split,2026-06-09,2026-06-09,3.0,0.0,https://static.cninfo.com.cn/finalpage/2026-06-10/1225361555.PDF,cninfo_etf_share_action_cross_evidence_v1,01acff627cf0c32f6c14be69d675d29c9d0283cab9109fbae704a4865dc796e7,8f7961c36a1991a5c85af9b7ffeea2d8c833724c76a917eed4862d22e3daba43,True
P0,159558,半导体设备ETF易方达,active,2026-07-09,3.0,2.726390686,-9.120310479,zero_marker_common_factor_inference,official fund-manager or exchange share split/merger result with exact factor and effective date,pending_primary_evidence,False,5cd5d1518d5986a2ae4e7f957355c199551571109c8dd98af89ffe8f7ee23292,20260717_20260718T193335462592+0800_4fbf151bf6a9,resolved_governed_official,cninfo_official_fund_disclosure,share_split,2026-07-08,2026-07-08,3.0,0.0,https://static.cninfo.com.cn/finalpage/2026-07-09/1225416235.PDF,cninfo_etf_share_action_cross_evidence_v1,01acff627cf0c32f6c14be69d675d29c9d0283cab9109fbae704a4865dc796e7,8f7961c36a1991a5c85af9b7ffeea2d8c833724c76a917eed4862d22e3daba43,True
P0,159567,港股创新药ETF银华,active,2025-08-11,2.0,1.989327641,-0.53361793,zero_marker_common_factor_inference,official fund-manager or exchange share split/merger result with exact factor and effective date,pending_primary_evidence,False,5cd5d1518d5986a2ae4e7f957355c199551571109c8dd98af89ffe8f7ee23292,20260717_20260718T193335462592+0800_4fbf151bf6a9,resolved_governed_official,cninfo_official_fund_disclosure,share_split,2025-08-08,2025-08-10,2.0,0.0,https://static.cninfo.com.cn/finalpage/2025-08-11/1224442644.PDF,cninfo_etf_share_action_cross_evidence_v1,01acff627cf0c32f6c14be69d675d29c9d0283cab9109fbae704a4865dc796e7,8f7961c36a1991a5c85af9b7ffeea2d8c833724c76a917eed4862d22e3daba43,True
P0,159582,半导体ETF博时,active,2026-07-13,5.0,5.372443488,7.448869752,zero_marker_common_factor_inference,official fund-manager or exchange share split/merger result with exact factor and effective date,pending_primary_evidence,False,5cd5d1518d5986a2ae4e7f957355c199551571109c8dd98af89ffe8f7ee23292,20260717_20260718T193335462592+0800_4fbf151bf6a9,resolved_governed_official,cninfo_official_fund_disclosure,share_split,2026-07-10,2026-07-12,5.0,0.0,https://static.cninfo.com.cn/finalpage/2026-07-13/1225420227.PDF,cninfo_etf_share_action_cross_evidence_v1,01acff627cf0c32f6c14be69d675d29c9d0283cab9109fbae704a4865dc796e7,8f7961c36a1991a5c85af9b7ffeea2d8c833724c76a917eed4862d22e3daba43,True
P0,159583,通信ETF富国,active,2025-11-06,2.0,1.944903581,-2.754820937,zero_marker_common_factor_inference,official fund-manager or exchange share split/merger result with exact factor and effective date,pending_primary_evidence,False,5cd5d1518d5986a2ae4e7f957355c199551571109c8dd98af89ffe8f7ee23292,20260717_20260718T193335462592+0800_4fbf151bf6a9,resolved_governed_official,cninfo_official_fund_disclosure,share_split,2025-11-05,2025-11-05,2.0,0.0,https://static.cninfo.com.cn/finalpage/2025-11-06/1224789553.PDF,cninfo_etf_share_action_cross_evidence_v1,01acff627cf0c32f6c14be69d675d29c9d0283cab9109fbae704a4865dc796e7,8f7961c36a1991a5c85af9b7ffeea2d8c833724c76a917eed4862d22e3daba43,True
P0,159596,A50ETF华宝,active,2025-10-20,2.0,1.995207668,-0.239616613,zero_marker_common_factor_inference,official fund-manager or exchange share split/merger result with exact factor and effective date,pending_primary_evidence,False,5cd5d1518d5986a2ae4e7f957355c199551571109c8dd98af89ffe8f7ee23292,20260717_20260718T193335462592+0800_4fbf151bf6a9,resolved_governed_official,cninfo_official_fund_disclosure,share_split,2025-10-17,2025-10-19,2.0,0.0,https://static.cninfo.com.cn/finalpage/2025-10-20/1224719474.PDF,cninfo_etf_share_action_cross_evidence_v1,01acff627cf0c32f6c14be69d675d29c9d0283cab9109fbae704a4865dc796e7,8f7961c36a1991a5c85af9b7ffeea2d8c833724c76a917eed4862d22e3daba43,True
P0,159597,创业板成长ETF易方达,active,2026-07-09,3.0,2.864779874,-4.507337526,zero_marker_common_factor_inference,official fund-manager or exchange share split/merger result with exact factor and effective date,pending_primary_evidence,False,5cd5d1518d5986a2ae4e7f957355c199551571109c8dd98af89ffe8f7ee23292,20260717_20260718T193335462592+0800_4fbf151bf6a9,resolved_governed_official,cninfo_official_fund_disclosure,share_split,2026-07-08,2026-07-08,3.0,0.0,https://static.cninfo.com.cn/finalpage/2026-07-09/1225416233.PDF,cninfo_etf_share_action_cross_evidence_v1,01acff627cf0c32f6c14be69d675d29c9d0283cab9109fbae704a4865dc796e7,8f7961c36a1991a5c85af9b7ffeea2d8c833724c76a917eed4862d22e3daba43,True
P0,159629,中证1000ETF富国,active,2022-11-14,0.5,0.471688574,-5.662285137,zero_marker_common_factor_inference,official fund-manager or exchange share split/merger result with exact factor and effective date,pending_primary_evidence,False,5cd5d1518d5986a2ae4e7f957355c199551571109c8dd98af89ffe8f7ee23292,20260717_20260718T193335462592+0800_4fbf151bf6a9,resolved_governed_official,cninfo_official_fund_disclosure,share_conversion,2022-11-11,2022-11-13,0.468136204,-6.3727592,https://static.cninfo.com.cn/finalpage/2022-11-14/1215085856.PDF,cninfo_etf_share_action_cross_evidence_v1,01acff627cf0c32f6c14be69d675d29c9d0283cab9109fbae704a4865dc796e7,8f7961c36a1991a5c85af9b7ffeea2d8c833724c76a917eed4862d22e3daba43,True
P0,159629,中证1000ETF富国,active,2023-06-09,0.8,0.746348962,-6.706379708,zero_marker_common_factor_inference,official fund-manager or exchange share split/merger result with exact factor and effective date,pending_primary_evidence,False,5cd5d1518d5986a2ae4e7f957355c199551571109c8dd98af89ffe8f7ee23292,20260717_20260718T193335462592+0800_4fbf151bf6a9,resolved_governed_official,cninfo_official_fund_disclosure,share_conversion,2023-06-08,2023-06-08,0.752078692,-5.990163500000001,https://static.cninfo.com.cn/finalpage/2023-06-09/1217024735.PDF,cninfo_etf_share_action_cross_evidence_v1,01acff627cf0c32f6c14be69d675d29c9d0283cab9109fbae704a4865dc796e7,8f7961c36a1991a5c85af9b7ffeea2d8c833724c76a917eed4862d22e3daba43,True
P0,159633,中证1000ETF易方达,active,2022-10-31,0.5,0.467938527,-6.412294648,zero_marker_common_factor_inference,official fund-manager or exchange share split/merger result with exact factor and effective date,pending_primary_evidence,False,5cd5d1518d5986a2ae4e7f957355c199551571109c8dd98af89ffe8f7ee23292,20260717_20260718T193335462592+0800_4fbf151bf6a9,resolved_governed_official,cninfo_official_fund_disclosure,share_merger,2022-10-28,2022-10-30,0.471642898,-5.671420400000004,https://static.cninfo.com.cn/finalpage/2022-10-31/1214969150.PDF,cninfo_etf_share_action_cross_evidence_v1,01acff627cf0c32f6c14be69d675d29c9d0283cab9109fbae704a4865dc796e7,8f7961c36a1991a5c85af9b7ffeea2d8c833724c76a917eed4862d22e3daba43,True
P0,159633,中证1000ETF易方达,active,2023-07-10,0.8,0.752679939,-5.915007657,zero_marker_common_factor_inference,official fund-manager or exchange share split/merger result with exact factor and effective date,pending_primary_evidence,False,5cd5d1518d5986a2ae4e7f957355c199551571109c8dd98af89ffe8f7ee23292,20260717_20260718T193335462592+0800_4fbf151bf6a9,resolved_governed_official,cninfo_official_fund_disclosure,share_merger,2023-07-07,2023-07-09,0.753236325,-5.8454593749999955,https://static.cninfo.com.cn/finalpage/2023-07-10/1217239985.PDF,cninfo_etf_share_action_cross_evidence_v1,01acff627cf0c32f6c14be69d675d29c9d0283cab9109fbae704a4865dc796e7,8f7961c36a1991a5c85af9b7ffeea2d8c833724c76a917eed4862d22e3daba43,True
P0,159636,港股通科技30ETF工银,active,2025-12-08,2.0,2.010159652,0.507982583,zero_marker_common_factor_inference,official fund-manager or exchange share split/merger result with exact factor and effective date,pending_primary_evidence,False,5cd5d1518d5986a2ae4e7f957355c199551571109c8dd98af89ffe8f7ee23292,20260717_20260718T193335462592+0800_4fbf151bf6a9,resolved_governed_official,cninfo_official_fund_disclosure,share_split,2025-12-05,2025-12-07,2.0,0.0,https://static.cninfo.com.cn/finalpage/2025-12-08/1224856161.PDF,cninfo_etf_share_action_cross_evidence_v1,01acff627cf0c32f6c14be69d675d29c9d0283cab9109fbae704a4865dc796e7,8f7961c36a1991a5c85af9b7ffeea2d8c833724c76a917eed4862d22e3daba43,True
P0,159663,机床ETF华夏,active,2026-07-07,2.0,2.031948882,1.597444089,zero_marker_common_factor_inference,official fund-manager or exchange share split/merger result with exact factor and effective date,pending_primary_evidence,False,5cd5d1518d5986a2ae4e7f957355c199551571109c8dd98af89ffe8f7ee23292,20260717_20260718T193335462592+0800_4fbf151bf6a9,resolved_governed_official,cninfo_official_fund_disclosure,share_split,2026-07-06,2026-07-06,2.0,0.0,https://static.cninfo.com.cn/finalpage/2026-07-07/1225412506.PDF,cninfo_etf_share_action_cross_evidence_v1,01acff627cf0c32f6c14be69d675d29c9d0283cab9109fbae704a4865dc796e7,8f7961c36a1991a5c85af9b7ffeea2d8c833724c76a917eed4862d22e3daba43,True
P0,159667,工业母机ETF国泰,active,2026-06-10,3.0,3.074401009,2.480033628,zero_marker_common_factor_inference,official fund-manager or exchange share split/merger result with exact factor and effective date,pending_primary_evidence,False,5cd5d1518d5986a2ae4e7f957355c199551571109c8dd98af89ffe8f7ee23292,20260717_20260718T193335462592+0800_4fbf151bf6a9,resolved_governed_official,cninfo_official_fund_disclosure,share_split,2026-06-09,2026-06-09,3.0,0.0,https://static.cninfo.com.cn/finalpage/2026-06-10/1225361557.PDF,cninfo_etf_share_action_cross_evidence_v1,01acff627cf0c32f6c14be69d675d29c9d0283cab9109fbae704a4865dc796e7,8f7961c36a1991a5c85af9b7ffeea2d8c833724c76a917eed4862d22e3daba43,True
P0,159747,香港科技ETF南方,active,2023-04-26,0.5,0.492031873,-1.593625498,zero_marker_common_factor_inference,official fund-manager or exchange share split/merger result with exact factor and effective date,pending_primary_evidence,False,5cd5d1518d5986a2ae4e7f957355c199551571109c8dd98af89ffe8f7ee23292,20260717_20260718T193335462592+0800_4fbf151bf6a9,resolved_governed_official,cninfo_official_fund_disclosure,share_merger,2023-04-25,2023-04-25,0.5,0.0,https://static.cninfo.com.cn/finalpage/2023-04-26/1216593309.PDF,cninfo_etf_share_action_cross_evidence_v1,01acff627cf0c32f6c14be69d675d29c9d0283cab9109fbae704a4865dc796e7,8f7961c36a1991a5c85af9b7ffeea2d8c833724c76a917eed4862d22e3daba43,True
P0,159801,芯片ETF广发,active,2023-08-31,2.0,1.973895582,-1.305220884,zero_marker_common_factor_inference,official fund-manager or exchange share split/merger result with exact factor and effective date,pending_primary_evidence,False,5cd5d1518d5986a2ae4e7f957355c199551571109c8dd98af89ffe8f7ee23292,20260717_20260718T193335462592+0800_4fbf151bf6a9,resolved_governed_official,cninfo_official_fund_disclosure,share_split,2023-08-30,2023-08-30,2.0,0.0,https://static.cninfo.com.cn/finalpage/2023-08-31/1217719072.PDF,cninfo_etf_share_action_cross_evidence_v1,01acff627cf0c32f6c14be69d675d29c9d0283cab9109fbae704a4865dc796e7,8f7961c36a1991a5c85af9b7ffeea2d8c833724c76a917eed4862d22e3daba43,True
P0,159806,新能源车ETF国泰,active,2022-01-14,3.0,2.972860125,-0.904662491,zero_marker_common_factor_inference,official fund-manager or exchange share split/merger result with exact factor and effective date,pending_primary_evidence,False,5cd5d1518d5986a2ae4e7f957355c199551571109c8dd98af89ffe8f7ee23292,20260717_20260718T193335462592+0800_4fbf151bf6a9,resolved_governed_official,cninfo_official_fund_disclosure,share_split,2022-01-13,2022-01-13,3.0,0.0,https://static.cninfo.com.cn/finalpage/2022-01-14/1212176434.PDF,cninfo_etf_share_action_cross_evidence_v1,01acff627cf0c32f6c14be69d675d29c9d0283cab9109fbae704a4865dc796e7,8f7961c36a1991a5c85af9b7ffeea2d8c833724c76a917eed4862d22e3daba43,True
P0,159807,科技ETF易方达,active,2021-06-21,2.0,2.001203369,0.060168472,zero_marker_common_factor_inference,official fund-manager or exchange share split/merger result with exact factor and effective date,pending_primary_evidence,False,5cd5d1518d5986a2ae4e7f957355c199551571109c8dd98af89ffe8f7ee23292,20260717_20260718T193335462592+0800_4fbf151bf6a9,resolved_governed_official,cninfo_official_fund_disclosure,share_split,2021-06-18,2021-06-20,2.0,0.0,https://static.cninfo.com.cn/finalpage/2021-06-21/1210293596.PDF,cninfo_etf_share_action_cross_evidence_v1,01acff627cf0c32f6c14be69d675d29c9d0283cab9109fbae704a4865dc796e7,8f7961c36a1991a5c85af9b7ffeea2d8c833724c76a917eed4862d22e3daba43,True
P0,159813,半导体ETF鹏华,active,2021-09-13,1.5,1.559440559,3.962703963,zero_marker_common_factor_inference,official fund-manager or exchange share split/merger result with exact factor and effective date,pending_primary_evidence,False,5cd5d1518d5986a2ae4e7f957355c199551571109c8dd98af89ffe8f7ee23292,20260717_20260718T193335462592+0800_4fbf151bf6a9,resolved_governed_official,cninfo_official_fund_disclosure,share_split,2021-09-10,2021-09-12,1.5,0.0,https://static.cninfo.com.cn/finalpage/2021-09-13/1211010386.PDF,cninfo_etf_share_action_cross_evidence_v1,01acff627cf0c32f6c14be69d675d29c9d0283cab9109fbae704a4865dc796e7,8f7961c36a1991a5c85af9b7ffeea2d8c833724c76a917eed4862d22e3daba43,True
P0,159814,创业大盘ETF西部利得,active,2021-02-10,2.0,2.0,0.0,zero_marker_common_factor_inference,official fund-manager or exchange share split/merger result with exact factor and effective date,pending_primary_evidence,False,5cd5d1518d5986a2ae4e7f957355c199551571109c8dd98af89ffe8f7ee23292,20260717_20260718T193335462592+0800_4fbf151bf6a9,resolved_governed_official,cninfo_official_fund_disclosure,share_split,2021-02-09,2021-02-09,2.059034965,2.951748249999997,https://static.cninfo.com.cn/finalpage/2021-02-10/1209266014.PDF,cninfo_etf_share_action_cross_evidence_v1,01acff627cf0c32f6c14be69d675d29c9d0283cab9109fbae704a4865dc796e7,8f7961c36a1991a5c85af9b7ffeea2d8c833724c76a917eed4862d22e3daba43,True
P0,159845,中证1000ETF华夏,active,2023-03-01,0.8,0.743653915,-7.043260636,zero_marker_common_factor_inference,official fund-manager or exchange share split/merger result with exact factor and effective date,pending_primary_evidence,False,5cd5d1518d5986a2ae4e7f957355c199551571109c8dd98af89ffe8f7ee23292,20260717_20260718T193335462592+0800_4fbf151bf6a9,resolved_governed_official,cninfo_official_fund_disclosure,share_conversion,2023-02-28,2023-02-28,0.747644145,-6.544481875000008,https://static.cninfo.com.cn/finalpage/2023-03-01/1216006925.PDF,cninfo_etf_share_action_cross_evidence_v1,01acff627cf0c32f6c14be69d675d29c9d0283cab9109fbae704a4865dc796e7,8f7961c36a1991a5c85af9b7ffeea2d8c833724c76a917eed4862d22e3daba43,True
P0,159851,金融科技ETF华宝,active,2025-07-14,2.0,2.053128689,2.656434475,zero_marker_common_factor_inference,official fund-manager or exchange share split/merger result with exact factor and effective date,pending_primary_evidence,False,5cd5d1518d5986a2ae4e7f957355c199551571109c8dd98af89ffe8f7ee23292,20260717_20260718T193335462592+0800_4fbf151bf6a9,resolved_governed_official,cninfo_official_fund_disclosure,share_split,2025-07-11,2025-07-13,2.0,0.0,https://static.cninfo.com.cn/finalpage/2025-07-14/1224146835.PDF,cninfo_etf_share_action_cross_evidence_v1,01acff627cf0c32f6c14be69d675d29c9d0283cab9109fbae704a4865dc796e7,8f7961c36a1991a5c85af9b7ffeea2d8c833724c76a917eed4862d22e3daba43,True
P0,159863,光伏ETF鹏华,active,2021-11-08,1.5,1.489082969,-0.727802038,zero_marker_common_factor_inference,official fund-manager or exchange share split/merger result with exact factor and effective date,pending_primary_evidence,False,5cd5d1518d5986a2ae4e7f957355c199551571109c8dd98af89ffe8f7ee23292,20260717_20260718T193335462592+0800_4fbf151bf6a9,resolved_governed_official,cninfo_official_fund_disclosure,share_split,2021-11-05,2021-11-07,1.5,0.0,https://static.cninfo.com.cn/finalpage/2021-11-08/1211511837.PDF,cninfo_etf_share_action_cross_evidence_v1,01acff627cf0c32f6c14be69d675d29c9d0283cab9109fbae704a4865dc796e7,8f7961c36a1991a5c85af9b7ffeea2d8c833724c76a917eed4862d22e3daba43,True
P0,159871,有色ETF银华,active,2026-02-09,2.0,1.952166065,-2.391696751,zero_marker_common_factor_inference,official fund-manager or exchange share split/merger result with exact factor and effective date,pending_primary_evidence,False,5cd5d1518d5986a2ae4e7f957355c199551571109c8dd98af89ffe8f7ee23292,20260717_20260718T193335462592+0800_4fbf151bf6a9,resolved_governed_official,cninfo_official_fund_disclosure,share_split,2026-02-06,2026-02-08,2.0,0.0,https://static.cninfo.com.cn/finalpage/2026-02-09/1224972084.PDF,cninfo_etf_share_action_cross_evidence_v1,01acff627cf0c32f6c14be69d675d29c9d0283cab9109fbae704a4865dc796e7,8f7961c36a1991a5c85af9b7ffeea2d8c833724c76a917eed4862d22e3daba43,True
P0,159876,有色ETF华宝,active,2025-08-04,2.0,1.964341085,-1.782945736,zero_marker_common_factor_inference,official fund-manager or exchange share split/merger result with exact factor and effective date,pending_primary_evidence,False,5cd5d1518d5986a2ae4e7f957355c199551571109c8dd98af89ffe8f7ee23292,20260717_20260718T193335462592+0800_4fbf151bf6a9,resolved_governed_official,cninfo_official_fund_disclosure,share_split,2025-08-01,2025-08-03,2.0,0.0,https://static.cninfo.com.cn/finalpage/2025-08-04/1224369082.PDF,cninfo_etf_share_action_cross_evidence_v1,01acff627cf0c32f6c14be69d675d29c9d0283cab9109fbae704a4865dc796e7,8f7961c36a1991a5c85af9b7ffeea2d8c833724c76a917eed4862d22e3daba43,True
P0,159881,有色金属ETF国泰,active,2026-06-26,2.0,2.085393258,4.269662921,zero_marker_common_factor_inference,official fund-manager or exchange share split/merger result with exact factor and effective date,pending_primary_evidence,False,5cd5d1518d5986a2ae4e7f957355c199551571109c8dd98af89ffe8f7ee23292,20260717_20260718T193335462592+0800_4fbf151bf6a9,resolved_governed_official,cninfo_official_fund_disclosure,share_split,2026-06-25,2026-06-25,2.0,0.0,https://static.cninfo.com.cn/finalpage/2026-06-26/1225389215.PDF,cninfo_etf_share_action_cross_evidence_v1,01acff627cf0c32f6c14be69d675d29c9d0283cab9109fbae704a4865dc796e7,8f7961c36a1991a5c85af9b7ffeea2d8c833724c76a917eed4862d22e3daba43,True
P0,159885,碳中和ETF鹏华,active,2021-11-01,1.5,1.507029877,0.468658465,zero_marker_common_factor_inference,official fund-manager or exchange share split/merger result with exact factor and effective date,pending_primary_evidence,False,5cd5d1518d5986a2ae4e7f957355c199551571109c8dd98af89ffe8f7ee23292,20260717_20260718T193335462592+0800_4fbf151bf6a9,resolved_governed_official,cninfo_official_fund_disclosure,share_split,2021-10-29,2021-10-31,1.5,0.0,https://static.cninfo.com.cn/finalpage/2021-11-01/1211438881.PDF,cninfo_etf_share_action_cross_evidence_v1,01acff627cf0c32f6c14be69d675d29c9d0283cab9109fbae704a4865dc796e7,8f7961c36a1991a5c85af9b7ffeea2d8c833724c76a917eed4862d22e3daba43,True
P0,159907,国证2000ETF广发,active,2024-04-01,2.0,1.967836257,-1.608187135,zero_marker_common_factor_inference,official fund-manager or exchange share split/merger result with exact factor and effective date,pending_primary_evidence,False,5cd5d1518d5986a2ae4e7f957355c199551571109c8dd98af89ffe8f7ee23292,20260717_20260718T193335462592+0800_4fbf151bf6a9,resolved_governed_official,cninfo_official_fund_disclosure,share_split,2024-03-29,2024-03-31,2.0,0.0,https://static.cninfo.com.cn/finalpage/2024-04-01/1219474317.PDF,cninfo_etf_share_action_cross_evidence_v1,01acff627cf0c32f6c14be69d675d29c9d0283cab9109fbae704a4865dc796e7,8f7961c36a1991a5c85af9b7ffeea2d8c833724c76a917eed4862d22e3daba43,True
P0,159909,TMT50ETF招商,active,2021-03-11,10.0,9.722772277,-2.772277228,zero_marker_common_factor_inference,official fund-manager or exchange share split/merger result with exact factor and effective date,pending_primary_evidence,False,5cd5d1518d5986a2ae4e7f957355c199551571109c8dd98af89ffe8f7ee23292,20260717_20260718T193335462592+0800_4fbf151bf6a9,resolved_governed_official,cninfo_official_fund_disclosure,share_split,2021-03-10,2021-03-10,9.795073139,-2.04926861000001,https://static.cninfo.com.cn/finalpage/2021-03-11/1209365751.PDF,cninfo_etf_share_action_cross_evidence_v1,01acff627cf0c32f6c14be69d675d29c9d0283cab9109fbae704a4865dc796e7,8f7961c36a1991a5c85af9b7ffeea2d8c833724c76a917eed4862d22e3daba43,True
P0,159925,沪深300ETF南方,active,2024-01-29,0.5,0.508623298,1.724659607,zero_marker_common_factor_inference,official fund-manager or exchange share split/merger result with exact factor and effective date,pending_primary_evidence,False,5cd5d1518d5986a2ae4e7f957355c199551571109c8dd98af89ffe8f7ee23292,20260717_20260718T193335462592+0800_4fbf151bf6a9,resolved_governed_official,cninfo_official_fund_disclosure,share_merger,2024-01-26,2024-01-28,0.503545799,0.7091597999999921,https://static.cninfo.com.cn/finalpage/2024-01-29/1219014081.PDF,cninfo_etf_share_action_cross_evidence_v1,01acff627cf0c32f6c14be69d675d29c9d0283cab9109fbae704a4865dc796e7,8f7961c36a1991a5c85af9b7ffeea2d8c833724c76a917eed4862d22e3daba43,True
P0,159928,消费ETF汇添富,active,2021-06-25,4.0,3.917525773,-2.06185567,zero_marker_common_factor_inference,official fund-manager or exchange share split/merger result with exact factor and effective date,pending_primary_evidence,False,5cd5d1518d5986a2ae4e7f957355c199551571109c8dd98af89ffe8f7ee23292,20260717_20260718T193335462592+0800_4fbf151bf6a9,resolved_governed_official,cninfo_official_fund_disclosure,share_split,2021-06-24,2021-06-24,4.0,0.0,https://static.cninfo.com.cn/finalpage/2021-06-25/1210330426.PDF,cninfo_etf_share_action_cross_evidence_v1,01acff627cf0c32f6c14be69d675d29c9d0283cab9109fbae704a4865dc796e7,8f7961c36a1991a5c85af9b7ffeea2d8c833724c76a917eed4862d22e3daba43,True
P0,159938,医药ETF广发,active,2022-05-30,2.0,1.992084433,-0.395778364,zero_marker_common_factor_inference,official fund-manager or exchange share split/merger result with exact factor and effective date,pending_primary_evidence,False,5cd5d1518d5986a2ae4e7f957355c199551571109c8dd98af89ffe8f7ee23292,20260717_20260718T193335462592+0800_4fbf151bf6a9,resolved_governed_official,cninfo_official_fund_disclosure,share_split,2022-05-27,2022-05-29,2.0,0.0,https://static.cninfo.com.cn/finalpage/2022-05-30/1213532126.PDF,cninfo_etf_share_action_cross_evidence_v1,01acff627cf0c32f6c14be69d675d29c9d0283cab9109fbae704a4865dc796e7,8f7961c36a1991a5c85af9b7ffeea2d8c833724c76a917eed4862d22e3daba43,True
P0,159939,信息技术ETF广发,active,2023-02-16,2.0,2.04835924,2.417962003,zero_marker_common_factor_inference,official fund-manager or exchange share split/merger result with exact factor and effective date,pending_primary_evidence,False,5cd5d1518d5986a2ae4e7f957355c199551571109c8dd98af89ffe8f7ee23292,20260717_20260718T193335462592+0800_4fbf151bf6a9,resolved_governed_official,cninfo_official_fund_disclosure,share_split,2023-02-15,2023-02-15,2.0,0.0,https://static.cninfo.com.cn/finalpage/2023-02-16/1215873539.PDF,cninfo_etf_share_action_cross_evidence_v1,01acff627cf0c32f6c14be69d675d29c9d0283cab9109fbae704a4865dc796e7,8f7961c36a1991a5c85af9b7ffeea2d8c833724c76a917eed4862d22e3daba43,True
P0,159941,纳指ETF广发,active,2022-07-05,4.0,3.947019868,-1.324503311,zero_marker_common_factor_inference,official fund-manager or exchange share split/merger result with exact factor and effective date,pending_primary_evidence,False,5cd5d1518d5986a2ae4e7f957355c199551571109c8dd98af89ffe8f7ee23292,20260717_20260718T193335462592+0800_4fbf151bf6a9,resolved_governed_official,cninfo_official_fund_disclosure,share_split,2022-07-04,2022-07-04,4.0,0.0,https://static.cninfo.com.cn/finalpage/2022-07-05/1213942300.PDF,cninfo_etf_share_action_cross_evidence_v1,01acff627cf0c32f6c14be69d675d29c9d0283cab9109fbae704a4865dc796e7,8f7961c36a1991a5c85af9b7ffeea2d8c833724c76a917eed4862d22e3daba43,True
P0,159966,创业板价值ETF华夏,active,2020-11-06,3.0,3.150974026,5.032467532,zero_marker_common_factor_inference,official fund-manager or exchange share split/merger result with exact factor and effective date,pending_primary_evidence,False,5cd5d1518d5986a2ae4e7f957355c199551571109c8dd98af89ffe8f7ee23292,20260717_20260718T193335462592+0800_4fbf151bf6a9,resolved_governed_official,cninfo_official_fund_disclosure,share_split,2020-11-05,2020-11-05,3.076488732,2.5496243999999946,https://static.cninfo.com.cn/finalpage/2020-11-06/1208699385.PDF,cninfo_etf_share_action_cross_evidence_v1,01acff627cf0c32f6c14be69d675d29c9d0283cab9109fbae704a4865dc796e7,8f7961c36a1991a5c85af9b7ffeea2d8c833724c76a917eed4862d22e3daba43,True
P0,159967,创业板成长ETF华夏,active,2020-11-06,4.0,3.708260105,-7.293497364,zero_marker_common_factor_inference,official fund-manager or exchange share split/merger result with exact factor and effective date,pending_primary_evidence,False,5cd5d1518d5986a2ae4e7f957355c199551571109c8dd98af89ffe8f7ee23292,20260717_20260718T193335462592+0800_4fbf151bf6a9,resolved_governed_official,cninfo_official_fund_disclosure,share_split,2020-11-05,2020-11-05,3.63839094,-9.040226500000003,https://static.cninfo.com.cn/finalpage/2020-11-06/1208699384.PDF,cninfo_etf_share_action_cross_evidence_v1,01acff627cf0c32f6c14be69d675d29c9d0283cab9109fbae704a4865dc796e7,8f7961c36a1991a5c85af9b7ffeea2d8c833724c76a917eed4862d22e3daba43,True
P0,159971,创业板ETF富国,active,2025-12-02,2.0,2.014071295,0.703564728,zero_marker_common_factor_inference,official fund-manager or exchange share split/merger result with exact factor and effective date,pending_primary_evidence,False,5cd5d1518d5986a2ae4e7f957355c199551571109c8dd98af89ffe8f7ee23292,20260717_20260718T193335462592+0800_4fbf151bf6a9,resolved_governed_official,cninfo_official_fund_disclosure,share_split,2025-12-01,2025-12-01,2.0,0.0,https://static.cninfo.com.cn/finalpage/2025-12-02/1224842088.PDF,cninfo_etf_share_action_cross_evidence_v1,01acff627cf0c32f6c14be69d675d29c9d0283cab9109fbae704a4865dc796e7,8f7961c36a1991a5c85af9b7ffeea2d8c833724c76a917eed4862d22e3daba43,True
P0,159975,深100ETF招商,active,2021-01-29,10.0,10.039577836,0.395778364,zero_marker_common_factor_inference,official fund-manager or exchange share split/merger result with exact factor and effective date,pending_primary_evidence,False,5cd5d1518d5986a2ae4e7f957355c199551571109c8dd98af89ffe8f7ee23292,20260717_20260718T193335462592+0800_4fbf151bf6a9,resolved_governed_official,cninfo_official_fund_disclosure,share_split,2021-01-28,2021-01-28,10.0,0.0,https://static.cninfo.com.cn/finalpage/2021-01-29/1209210334.PDF,cninfo_etf_share_action_cross_evidence_v1,01acff627cf0c32f6c14be69d675d29c9d0283cab9109fbae704a4865dc796e7,8f7961c36a1991a5c85af9b7ffeea2d8c833724c76a917eed4862d22e3daba43,True
P0,159977,创业板ETF天弘,active,2025-09-15,2.0,1.974842767,-1.257861635,zero_marker_common_factor_inference,official fund-manager or exchange share split/merger result with exact factor and effective date,pending_primary_evidence,False,5cd5d1518d5986a2ae4e7f957355c199551571109c8dd98af89ffe8f7ee23292,20260717_20260718T193335462592+0800_4fbf151bf6a9,resolved_governed_official,cninfo_official_fund_disclosure,share_split,2025-09-12,2025-09-14,2.0,0.0,https://static.cninfo.com.cn/finalpage/2025-09-15/1224658789.PDF,cninfo_etf_share_action_cross_evidence_v1,01acff627cf0c32f6c14be69d675d29c9d0283cab9109fbae704a4865dc796e7,8f7961c36a1991a5c85af9b7ffeea2d8c833724c76a917eed4862d22e3daba43,True
P0,159991,创业板大盘ETF招商,active,2021-01-27,3.0,2.80952381,-6.349206349,zero_marker_common_factor_inference,official fund-manager or exchange share split/merger result with exact factor and effective date,pending_primary_evidence,False,5cd5d1518d5986a2ae4e7f957355c199551571109c8dd98af89ffe8f7ee23292,20260717_20260718T193335462592+0800_4fbf151bf6a9,resolved_governed_official,cninfo_official_fund_disclosure,share_split,2021-01-26,2021-01-26,2.839985106,-5.3338298,https://static.cninfo.com.cn/finalpage/2021-01-27/1209195117.PDF,cninfo_etf_share_action_cross_evidence_v1,01acff627cf0c32f6c14be69d675d29c9d0283cab9109fbae704a4865dc796e7,8f7961c36a1991a5c85af9b7ffeea2d8c833724c76a917eed4862d22e3daba43,True
P0,159994,通信ETF银华,active,2026-02-09,2.0,1.918665276,-4.066736184,zero_marker_common_factor_inference,official fund-manager or exchange share split/merger result with exact factor and effective date,pending_primary_evidence,False,5cd5d1518d5986a2ae4e7f957355c199551571109c8dd98af89ffe8f7ee23292,20260717_20260718T193335462592+0800_4fbf151bf6a9,resolved_governed_official,cninfo_official_fund_disclosure,share_split,2026-02-06,2026-02-08,2.0,0.0,https://static.cninfo.com.cn/finalpage/2026-02-09/1224972085.PDF,cninfo_etf_share_action_cross_evidence_v1,01acff627cf0c32f6c14be69d675d29c9d0283cab9109fbae704a4865dc796e7,8f7961c36a1991a5c85af9b7ffeea2d8c833724c76a917eed4862d22e3daba43,True
P0,159995,芯片ETF华夏,active,2026-07-07,2.0,2.004663558,0.233177881,zero_marker_common_factor_inference,official fund-manager or exchange share split/merger result with exact factor and effective date,pending_primary_evidence,False,5cd5d1518d5986a2ae4e7f957355c199551571109c8dd98af89ffe8f7ee23292,20260717_20260718T193335462592+0800_4fbf151bf6a9,resolved_governed_official,cninfo_official_fund_disclosure,share_split,2026-07-06,2026-07-06,2.0,0.0,https://static.cninfo.com.cn/finalpage/2026-07-07/1225412524.PDF,cninfo_etf_share_action_cross_evidence_v1,01acff627cf0c32f6c14be69d675d29c9d0283cab9109fbae704a4865dc796e7,8f7961c36a1991a5c85af9b7ffeea2d8c833724c76a917eed4862d22e3daba43,True
P0,510020,超大ETF,active,2012-12-14,0.1,0.095709571,-4.290429043,zero_marker_common_factor_inference,official fund-manager or exchange share split/merger result with exact factor and effective date,pending_primary_evidence,False,5cd5d1518d5986a2ae4e7f957355c199551571109c8dd98af89ffe8f7ee23292,20260717_20260718T193335462592+0800_4fbf151bf6a9,resolved_governed_official,sse_official_fund_announcement,share_merger,2012-12-13,2012-12-14,0.1,0.0,https://www.sse.com.cn/disclosure/fund/announcement/c/2012-12-14/510020_20121214_1.pdf,sse_etf_share_action_cross_evidence_v2,9aa025edf06e13368941d040f556f5ac14d122441685b96f74f245f36f119531,6ff5095bbb4a2c82fed162616b75c9904276e20e117dfa208096472a42ad4508,True
P0,510100,SZ50ETF,active,2025-03-10,0.5,0.5,0.0,zero_marker_common_factor_inference,official fund-manager or exchange share split/merger result with exact factor and effective date,pending_primary_evidence,False,5cd5d1518d5986a2ae4e7f957355c199551571109c8dd98af89ffe8f7ee23292,20260717_20260718T193335462592+0800_4fbf151bf6a9,resolved_governed_official,sse_official_fund_announcement,share_merger,2025-03-07,2025-03-10,0.49719902,-0.5601960000000017,https://www.sse.com.cn/disclosure/fund/announcement/c/new/2025-03-10/510100_20250310_F7LV.pdf,sse_etf_share_action_cross_evidence_v2,9aa025edf06e13368941d040f556f5ac14d122441685b96f74f245f36f119531,6ff5095bbb4a2c82fed162616b75c9904276e20e117dfa208096472a42ad4508,True
P0,510170,商品ETF,active,2022-07-11,4.0,4.144605117,3.61512792,zero_marker_common_factor_inference,official fund-manager or exchange share split/merger result with exact factor and effective date,pending_primary_evidence,False,5cd5d1518d5986a2ae4e7f957355c199551571109c8dd98af89ffe8f7ee23292,20260717_20260718T193335462592+0800_4fbf151bf6a9,resolved_governed_official,sse_official_fund_announcement,share_split,2022-07-08,2022-07-11,4.0,0.0,https://www.sse.com.cn/disclosure/fund/announcement/c/new/2022-07-11/510170_20220711_1_cRBvPQA3.pdf,sse_etf_share_action_cross_evidence_v2,9aa025edf06e13368941d040f556f5ac14d122441685b96f74f245f36f119531,6ff5095bbb4a2c82fed162616b75c9904276e20e117dfa208096472a42ad4508,True
P0,510180,180ETF,active,2009-05-21,10.0,10.231788079,2.317880795,zero_marker_common_factor_inference,official fund-manager or exchange share split/merger result with exact factor and effective date,pending_primary_evidence,False,5cd5d1518d5986a2ae4e7f957355c199551571109c8dd98af89ffe8f7ee23292,20260717_20260718T193335462592+0800_4fbf151bf6a9,resolved_governed_official,sse_official_fund_announcement,share_split,2009-05-19,2009-05-20,10.0,0.0,https://www.sse.com.cn/disclosure/fund/announcement/c/2009-05-20/510180_20090520_1.pdf,sse_etf_share_action_cross_evidence_v2,9aa025edf06e13368941d040f556f5ac14d122441685b96f74f245f36f119531,6ff5095bbb4a2c82fed162616b75c9904276e20e117dfa208096472a42ad4508,True
P0,510180,180ETF,active,2013-12-23,0.25,0.259090909,3.636363636,zero_marker_common_factor_inference,official fund-manager or exchange share split/merger result with exact factor and effective date,pending_primary_evidence,False,5cd5d1518d5986a2ae4e7f957355c199551571109c8dd98af89ffe8f7ee23292,20260717_20260718T193335462592+0800_4fbf151bf6a9,resolved_governed_official,sse_official_fund_announcement,share_merger,2013-12-20,2013-12-23,0.25,0.0,https://www.sse.com.cn/disclosure/fund/announcement/c/2013-12-22/510180_20131223_2.pdf,sse_etf_share_action_cross_evidence_v2,9aa025edf06e13368941d040f556f5ac14d122441685b96f74f245f36f119531,6ff5095bbb4a2c82fed162616b75c9904276e20e117dfa208096472a42ad4508,True
P0,510210,综指ETF,active,2021-01-25,5.0,4.989065606,-0.218687873,zero_marker_common_factor_inference,official fund-manager or exchange share split/merger result with exact factor and effective date,pending_primary_evidence,False,5cd5d1518d5986a2ae4e7f957355c199551571109c8dd98af89ffe8f7ee23292,20260717_20260718T193335462592+0800_4fbf151bf6a9,resolved_governed_official,sse_official_fund_announcement,share_split,2021-01-22,2021-01-25,5.0,0.0,https://www.sse.com.cn/disclosure/fund/announcement/c/2021-01-25/510210_20210125_1.pdf,sse_etf_share_action_cross_evidence_v2,9aa025edf06e13368941d040f556f5ac14d122441685b96f74f245f36f119531,6ff5095bbb4a2c82fed162616b75c9904276e20e117dfa208096472a42ad4508,True
P0,510230,金融ETF,active,2020-08-17,5.0,4.716182573,-5.676348548,zero_marker_common_factor_inference,official fund-manager or exchange share split/merger result with exact factor and effective date,pending_primary_evidence,False,5cd5d1518d5986a2ae4e7f957355c199551571109c8dd98af89ffe8f7ee23292,20260717_20260718T193335462592+0800_4fbf151bf6a9,resolved_governed_official,sse_official_fund_announcement,share_split,2020-08-14,2020-08-17,5.0,0.0,https://www.sse.com.cn/disclosure/fund/announcement/c/2020-08-17/510230_20200817_1.pdf,sse_etf_share_action_cross_evidence_v2,9aa025edf06e13368941d040f556f5ac14d122441685b96f74f245f36f119531,6ff5095bbb4a2c82fed162616b75c9904276e20e117dfa208096472a42ad4508,True
P0,510310,HS300ETF,active,2024-09-23,0.5,0.497665733,-0.466853408,zero_marker_common_factor_inference,official fund-manager or exchange share split/merger result with exact factor and effective date,pending_primary_evidence,False,5cd5d1518d5986a2ae4e7f957355c199551571109c8dd98af89ffe8f7ee23292,20260717_20260718T193335462592+0800_4fbf151bf6a9,resolved_governed_official,sse_official_fund_announcement,share_merger,2024-09-20,2024-09-23,0.49977589,-0.04482199999999992,https://www.sse.com.cn/disclosure/fund/announcement/c/new/2024-09-23/510310_20240923_G18B.pdf,sse_etf_share_action_cross_evidence_v2,9aa025edf06e13368941d040f556f5ac14d122441685b96f74f245f36f119531,6ff5095bbb4a2c82fed162616b75c9904276e20e117dfa208096472a42ad4508,True
P0,510580,ZZ500ETF,active,2021-07-19,10.0,10.054637865,0.546378653,zero_marker_common_factor_inference,official fund-manager or exchange share split/merger result with exact factor and effective date,pending_primary_evidence,False,5cd5d1518d5986a2ae4e7f957355c199551571109c8dd98af89ffe8f7ee23292,20260717_20260718T193335462592+0800_4fbf151bf6a9,resolved_governed_official,sse_official_fund_announcement,share_split,2021-07-16,2021-07-19,10.0,0.0,https://www.sse.com.cn/disclosure/fund/announcement/c/new/2021-07-19/510580_20210719_1_MBhTqIk3.pdf,sse_etf_share_action_cross_evidence_v2,9aa025edf06e13368941d040f556f5ac14d122441685b96f74f245f36f119531,6ff5095bbb4a2c82fed162616b75c9904276e20e117dfa208096472a42ad4508,True
P0,510580,ZZ500ETF,active,2024-09-02,0.25,0.25285338,1.141352063,zero_marker_common_factor_inference,official fund-manager or exchange share split/merger result with exact factor and effective date,pending_primary_evidence,False,5cd5d1518d5986a2ae4e7f957355c199551571109c8dd98af89ffe8f7ee23292,20260717_20260718T193335462592+0800_4fbf151bf6a9,resolved_governed_official,sse_official_fund_announcement,share_merger,2024-08-30,2024-09-02,0.24798687,-0.8052520000000007,https://www.sse.com.cn/disclosure/fund/announcement/c/new/2024-09-02/510580_20240902_8PI0.pdf,sse_etf_share_action_cross_evidence_v2,9aa025edf06e13368941d040f556f5ac14d122441685b96f74f245f36f119531,6ff5095bbb4a2c82fed162616b75c9904276e20e117dfa208096472a42ad4508,True
P0,510630,消费30,active,2021-04-26,4.0,4.036376605,0.909415121,zero_marker_common_factor_inference,official fund-manager or exchange share split/merger result with exact factor and effective date,pending_primary_evidence,False,5cd5d1518d5986a2ae4e7f957355c199551571109c8dd98af89ffe8f7ee23292,20260717_20260718T193335462592+0800_4fbf151bf6a9,resolved_governed_official,sse_official_fund_announcement,share_split,2021-04-23,2021-04-26,4.0,0.0,https://www.sse.com.cn/disclosure/fund/announcement/c/new/2021-04-26/510630_20210426_2.pdf,sse_etf_share_action_cross_evidence_v2,9aa025edf06e13368941d040f556f5ac14d122441685b96f74f245f36f119531,6ff5095bbb4a2c82fed162616b75c9904276e20e117dfa208096472a42ad4508,True
P0,511030,公司债,active,2021-01-11,10.0,9.96777669,-0.322233105,zero_marker_common_factor_inference,official fund-manager or exchange share split/merger result with exact factor and effective date,pending_primary_evidence,False,5cd5d1518d5986a2ae4e7f957355c199551571109c8dd98af89ffe8f7ee23292,20260717_20260718T193335462592+0800_4fbf151bf6a9,resolved_governed_official,sse_official_fund_announcement,share_split,2021-01-08,2021-01-11,10.0,0.0,https://www.sse.com.cn/disclosure/fund/announcement/c/2021-01-11/511030_20210111_1.pdf,sse_etf_share_action_cross_evidence_v2,9aa025edf06e13368941d040f556f5ac14d122441685b96f74f245f36f119531,6ff5095bbb4a2c82fed162616b75c9904276e20e117dfa208096472a42ad4508,True
P0,511030,公司债,active,2025-03-19,0.1,0.099951429,-0.048570966,zero_marker_common_factor_inference,official fund-manager or exchange share split/merger result with exact factor and effective date,pending_primary_evidence,False,5cd5d1518d5986a2ae4e7f957355c199551571109c8dd98af89ffe8f7ee23292,20260717_20260718T193335462592+0800_4fbf151bf6a9,resolved_governed_official,sse_official_fund_announcement,share_merger,2025-03-18,2025-03-19,0.1,0.0,https://www.sse.com.cn/disclosure/fund/announcement/c/new/2025-03-19/511030_20250319_GBXP.pdf,sse_etf_share_action_cross_evidence_v2,9aa025edf06e13368941d040f556f5ac14d122441685b96f74f245f36f119531,6ff5095bbb4a2c82fed162616b75c9904276e20e117dfa208096472a42ad4508,True
P0,511220,城投ETF,active,2023-01-16,10.0,10.066321681,0.663216813,zero_marker_common_factor_inference,official fund-manager or exchange share split/merger result with exact factor and effective date,pending_primary_evidence,False,5cd5d1518d5986a2ae4e7f957355c199551571109c8dd98af89ffe8f7ee23292,20260717_20260718T193335462592+0800_4fbf151bf6a9,resolved_governed_official,sse_official_fund_announcement,share_split,2023-01-13,2023-01-16,10.0,0.0,https://www.sse.com.cn/disclosure/fund/announcement/c/new/2023-01-16/511220_20230116_F9OY.pdf,sse_etf_share_action_cross_evidence_v2,9aa025edf06e13368941d040f556f5ac14d122441685b96f74f245f36f119531,6ff5095bbb4a2c82fed162616b75c9904276e20e117dfa208096472a42ad4508,True
P0,512000,券商ETF,active,2025-08-04,2.0,1.98951049,-0.524475524,zero_marker_common_factor_inference,official fund-manager or exchange share split/merger result with exact factor and effective date,pending_primary_evidence,False,5cd5d1518d5986a2ae4e7f957355c199551571109c8dd98af89ffe8f7ee23292,20260717_20260718T193335462592+0800_4fbf151bf6a9,resolved_governed_official,sse_official_fund_announcement,share_split,2025-08-01,2025-08-04,2.0,0.0,https://www.sse.com.cn/disclosure/fund/announcement/c/new/2025-08-04/512000_20250804_4S6G.pdf,sse_etf_share_action_cross_evidence_v2,9aa025edf06e13368941d040f556f5ac14d122441685b96f74f245f36f119531,6ff5095bbb4a2c82fed162616b75c9904276e20e117dfa208096472a42ad4508,True
P0,512010,医药ETF,active,2021-06-28,4.0,3.83492823,-4.126794258,zero_marker_common_factor_inference,official fund-manager or exchange share split/merger result with exact factor and effective date,pending_primary_evidence,False,5cd5d1518d5986a2ae4e7f957355c199551571109c8dd98af89ffe8f7ee23292,20260717_20260718T193335462592+0800_4fbf151bf6a9,resolved_governed_official,sse_official_fund_announcement,share_split,2021-06-25,2021-06-28,4.0,0.0,https://www.sse.com.cn/disclosure/fund/announcement/c/new/2021-06-28/512010_20210628_1_nr47oaEW.pdf,sse_etf_share_action_cross_evidence_v2,9aa025edf06e13368941d040f556f5ac14d122441685b96f74f245f36f119531,6ff5095bbb4a2c82fed162616b75c9904276e20e117dfa208096472a42ad4508,True
P0,512040,国信价值,active,2023-10-11,2.0,2.005399568,0.269978402,zero_marker_common_factor_inference,official fund-manager or exchange share split/merger result with exact factor and effective date,pending_primary_evidence,False,5cd5d1518d5986a2ae4e7f957355c199551571109c8dd98af89ffe8f7ee23292,20260717_20260718T193335462592+0800_4fbf151bf6a9,resolved_governed_official,sse_official_fund_announcement,share_split,2023-10-10,2023-10-11,2.0,0.0,https://www.sse.com.cn/disclosure/fund/announcement/c/new/2023-10-11/512040_20231011_XY20.pdf,sse_etf_share_action_cross_evidence_v2,9aa025edf06e13368941d040f556f5ac14d122441685b96f74f245f36f119531,6ff5095bbb4a2c82fed162616b75c9904276e20e117dfa208096472a42ad4508,True
P0,512070,证券保险,active,2021-09-13,3.0,2.960408685,-1.319710515,zero_marker_common_factor_inference,official fund-manager or exchange share split/merger result with exact factor and effective date,pending_primary_evidence,False,5cd5d1518d5986a2ae4e7f957355c199551571109c8dd98af89ffe8f7ee23292,20260717_20260718T193335462592+0800_4fbf151bf6a9,resolved_governed_official,sse_official_fund_announcement,share_split,2021-09-10,2021-09-13,3.0,0.0,https://www.sse.com.cn/disclosure/fund/announcement/c/new/2021-09-13/512070_20210913_1_amxxQbFA.pdf,sse_etf_share_action_cross_evidence_v2,9aa025edf06e13368941d040f556f5ac14d122441685b96f74f245f36f119531,6ff5095bbb4a2c82fed162616b75c9904276e20e117dfa208096472a42ad4508,True
P0,512120,医药50,active,2022-03-28,3.0,3.126689189,4.222972973,zero_marker_common_factor_inference,official fund-manager or exchange share split/merger result with exact factor and effective date,pending_primary_evidence,False,5cd5d1518d5986a2ae4e7f957355c199551571109c8dd98af89ffe8f7ee23292,20260717_20260718T193335462592+0800_4fbf151bf6a9,resolved_governed_official,sse_official_fund_announcement,share_split,2022-03-25,2022-03-28,3.0,0.0,https://www.sse.com.cn/disclosure/fund/announcement/c/new/2022-03-28/512120_20220328_1_sk1dtnfe.pdf,sse_etf_share_action_cross_evidence_v2,9aa025edf06e13368941d040f556f5ac14d122441685b96f74f245f36f119531,6ff5095bbb4a2c82fed162616b75c9904276e20e117dfa208096472a42ad4508,True
P0,512170,医疗ETF,active,2021-02-25,3.0,3.134474328,4.482477588,zero_marker_common_factor_inference,official fund-manager or exchange share split/merger result with exact factor and effective date,pending_primary_evidence,False,5cd5d1518d5986a2ae4e7f957355c199551571109c8dd98af89ffe8f7ee23292,20260717_20260718T193335462592+0800_4fbf151bf6a9,resolved_governed_official,sse_official_fund_announcement,share_split,2021-02-24,2021-02-25,3.0,0.0,https://www.sse.com.cn/disclosure/fund/announcement/c/2021-02-25/512170_20210225_1.pdf,sse_etf_share_action_cross_evidence_v2,9aa025edf06e13368941d040f556f5ac14d122441685b96f74f245f36f119531,6ff5095bbb4a2c82fed162616b75c9904276e20e117dfa208096472a42ad4508,True
P0,512480,半导体,active,2021-03-29,2.0,1.957110609,-2.144469526,zero_marker_common_factor_inference,official fund-manager or exchange share split/merger result with exact factor and effective date,pending_primary_evidence,False,5cd5d1518d5986a2ae4e7f957355c199551571109c8dd98af89ffe8f7ee23292,20260717_20260718T193335462592+0800_4fbf151bf6a9,resolved_governed_official,sse_official_fund_announcement,share_split,2021-03-26,2021-03-29,2.0,0.0,https://www.sse.com.cn/disclosure/fund/announcement/c/new/2021-03-29/512480_20210329_1.pdf,sse_etf_share_action_cross_evidence_v2,9aa025edf06e13368941d040f556f5ac14d122441685b96f74f245f36f119531,6ff5095bbb4a2c82fed162616b75c9904276e20e117dfa208096472a42ad4508,True
P0,512480,半导体,active,2026-07-03,2.0,2.028549962,1.427498122,zero_marker_common_factor_inference,official fund-manager or exchange share split/merger result with exact factor and effective date,pending_primary_evidence,False,5cd5d1518d5986a2ae4e7f957355c199551571109c8dd98af89ffe8f7ee23292,20260717_20260718T193335462592+0800_4fbf151bf6a9,resolved_governed_official,sse_official_fund_announcement,share_split,2026-07-02,2026-07-03,2.0,0.0,https://www.sse.com.cn/disclosure/fund/announcement/c/new/2026-07-03/512480_20260703_WPHJ.pdf,sse_etf_share_action_cross_evidence_v2,9aa025edf06e13368941d040f556f5ac14d122441685b96f74f245f36f119531,6ff5095bbb4a2c82fed162616b75c9904276e20e117dfa208096472a42ad4508,True
P0,512560,中证军工,active,2021-11-15,2.0,1.959427208,-2.028639618,zero_marker_common_factor_inference,official fund-manager or exchange share split/merger result with exact factor and effective date,pending_primary_evidence,False,5cd5d1518d5986a2ae4e7f957355c199551571109c8dd98af89ffe8f7ee23292,20260717_20260718T193335462592+0800_4fbf151bf6a9,resolved_governed_official,sse_official_fund_announcement,share_split,2021-11-12,2021-11-15,2.0,0.0,https://www.sse.com.cn/disclosure/fund/announcement/c/new/2021-11-15/512560_20211115_2_iSCG2duf.pdf,sse_etf_share_action_cross_evidence_v2,9aa025edf06e13368941d040f556f5ac14d122441685b96f74f245f36f119531,6ff5095bbb4a2c82fed162616b75c9904276e20e117dfa208096472a42ad4508,True
P0,512600,必选消费,active,2021-08-16,5.0,4.963576159,-0.728476821,zero_marker_common_factor_inference,official fund-manager or exchange share split/merger result with exact factor and effective date,pending_primary_evidence,False,5cd5d1518d5986a2ae4e7f957355c199551571109c8dd98af89ffe8f7ee23292,20260717_20260718T193335462592+0800_4fbf151bf6a9,resolved_governed_official,sse_official_fund_announcement,share_split,2021-08-13,2021-08-16,5.0,0.0,https://www.sse.com.cn/disclosure/fund/announcement/c/new/2021-08-16/512600_20210816_2_WVo4wQiQ.pdf,sse_etf_share_action_cross_evidence_v2,9aa025edf06e13368941d040f556f5ac14d122441685b96f74f245f36f119531,6ff5095bbb4a2c82fed162616b75c9904276e20e117dfa208096472a42ad4508,True
P0,512670,国防ETF,active,2021-08-23,2.0,1.917446809,-4.127659574,zero_marker_common_factor_inference,official fund-manager or exchange share split/merger result with exact factor and effective date,pending_primary_evidence,False,5cd5d1518d5986a2ae4e7f957355c199551571109c8dd98af89ffe8f7ee23292,20260717_20260718T193335462592+0800_4fbf151bf6a9,resolved_governed_official,sse_official_fund_announcement,share_split,2021-08-20,2021-08-23,2.0,0.0,https://www.sse.com.cn/disclosure/fund/announcement/c/new/2021-08-23/512670_20210823_1_6pyhjbtf.pdf,sse_etf_share_action_cross_evidence_v2,9aa025edf06e13368941d040f556f5ac14d122441685b96f74f245f36f119531,6ff5095bbb4a2c82fed162616b75c9904276e20e117dfa208096472a42ad4508,True
P0,512690,酒ETF,active,2021-05-17,2.0,1.922909091,-3.854545455,zero_marker_common_factor_inference,official fund-manager or exchange share split/merger result with exact factor and effective date,pending_primary_evidence,False,5cd5d1518d5986a2ae4e7f957355c199551571109c8dd98af89ffe8f7ee23292,20260717_20260718T193335462592+0800_4fbf151bf6a9,resolved_governed_official,sse_official_fund_announcement,share_split,2021-05-14,2021-05-17,2.0,0.0,https://www.sse.com.cn/disclosure/fund/announcement/c/new/2021-05-17/512690_20210517_1.pdf,sse_etf_share_action_cross_evidence_v2,9aa025edf06e13368941d040f556f5ac14d122441685b96f74f245f36f119531,6ff5095bbb4a2c82fed162616b75c9904276e20e117dfa208096472a42ad4508,True
P0,512710,军工龙头,active,2021-03-22,2.0,1.985254692,-0.737265416,zero_marker_common_factor_inference,official fund-manager or exchange share split/merger result with exact factor and effective date,pending_primary_evidence,False,5cd5d1518d5986a2ae4e7f957355c199551571109c8dd98af89ffe8f7ee23292,20260717_20260718T193335462592+0800_4fbf151bf6a9,resolved_governed_official,sse_official_fund_announcement,share_split,2021-03-19,2021-03-22,2.0,0.0,https://www.sse.com.cn/disclosure/fund/announcement/c/new/2021-03-22/512710_20210322_1.pdf,sse_etf_share_action_cross_evidence_v2,9aa025edf06e13368941d040f556f5ac14d122441685b96f74f245f36f119531,6ff5095bbb4a2c82fed162616b75c9904276e20e117dfa208096472a42ad4508,True
P0,512760,芯片ETF,active,2020-09-10,2.0,2.132394366,6.61971831,zero_marker_common_factor_inference,official fund-manager or exchange share split/merger result with exact factor and effective date,pending_primary_evidence,False,5cd5d1518d5986a2ae4e7f957355c199551571109c8dd98af89ffe8f7ee23292,20260717_20260718T193335462592+0800_4fbf151bf6a9,resolved_governed_official,sse_official_fund_announcement,share_split,2020-09-09,2020-09-10,2.0,0.0,https://www.sse.com.cn/disclosure/fund/announcement/c/2020-09-10/512760_20200910_1.pdf,sse_etf_share_action_cross_evidence_v2,9aa025edf06e13368941d040f556f5ac14d122441685b96f74f245f36f119531,6ff5095bbb4a2c82fed162616b75c9904276e20e117dfa208096472a42ad4508,True
P0,512760,芯片ETF,active,2026-03-27,2.0,1.989974937,-0.501253133,zero_marker_common_factor_inference,official fund-manager or exchange share split/merger result with exact factor and effective date,pending_primary_evidence,False,5cd5d1518d5986a2ae4e7f957355c199551571109c8dd98af89ffe8f7ee23292,20260717_20260718T193335462592+0800_4fbf151bf6a9,resolved_governed_official,sse_official_fund_announcement,share_split,2026-03-26,2026-03-27,2.0,0.0,https://www.sse.com.cn/disclosure/fund/announcement/c/new/2026-03-27/512760_20260327_2DS9.pdf,sse_etf_share_action_cross_evidence_v2,9aa025edf06e13368941d040f556f5ac14d122441685b96f74f245f36f119531,6ff5095bbb4a2c82fed162616b75c9904276e20e117dfa208096472a42ad4508,True
P0,512800,银行ETF,active,2025-07-07,2.0,1.987695749,-0.615212528,zero_marker_common_factor_inference,official fund-manager or exchange share split/merger result with exact factor and effective date,pending_primary_evidence,False,5cd5d1518d5986a2ae4e7f957355c199551571109c8dd98af89ffe8f7ee23292,20260717_20260718T193335462592+0800_4fbf151bf6a9,resolved_governed_official,sse_official_fund_announcement,share_split,2025-07-04,2025-07-07,2.0,0.0,https://www.sse.com.cn/disclosure/fund/announcement/c/new/2025-07-07/512800_20250707_PJ9L.pdf,sse_etf_share_action_cross_evidence_v2,9aa025edf06e13368941d040f556f5ac14d122441685b96f74f245f36f119531,6ff5095bbb4a2c82fed162616b75c9904276e20e117dfa208096472a42ad4508,True
P0,512810,国防军工,active,2025-06-23,2.0,1.96875,-1.5625,zero_marker_common_factor_inference,official fund-manager or exchange share split/merger result with exact factor and effective date,pending_primary_evidence,False,5cd5d1518d5986a2ae4e7f957355c199551571109c8dd98af89ffe8f7ee23292,20260717_20260718T193335462592+0800_4fbf151bf6a9,resolved_governed_official,sse_official_fund_announcement,share_split,2025-06-20,2025-06-23,2.0,0.0,https://www.sse.com.cn/disclosure/fund/announcement/c/new/2025-06-23/512810_20250623_MN62.pdf,sse_etf_share_action_cross_evidence_v2,9aa025edf06e13368941d040f556f5ac14d122441685b96f74f245f36f119531,6ff5095bbb4a2c82fed162616b75c9904276e20e117dfa208096472a42ad4508,True
P0,512890,红利低波,active,2021-10-25,2.0,2.04619226,2.309612984,zero_marker_common_factor_inference,official fund-manager or exchange share split/merger result with exact factor and effective date,pending_primary_evidence,False,5cd5d1518d5986a2ae4e7f957355c199551571109c8dd98af89ffe8f7ee23292,20260717_20260718T193335462592+0800_4fbf151bf6a9,resolved_governed_official,sse_official_fund_announcement,share_split,2021-10-22,2021-10-25,2.0,0.0,https://www.sse.com.cn/disclosure/fund/announcement/c/new/2021-10-25/512890_20211025_1_lJ5GeyLb.pdf,sse_etf_share_action_cross_evidence_v2,9aa025edf06e13368941d040f556f5ac14d122441685b96f74f245f36f119531,6ff5095bbb4a2c82fed162616b75c9904276e20e117dfa208096472a42ad4508,True
P0,512930,AIETF,active,2026-05-22,4.0,3.89787234,-2.553191489,zero_marker_common_factor_inference,official fund-manager or exchange share split/merger result with exact factor and effective date,pending_primary_evidence,False,5cd5d1518d5986a2ae4e7f957355c199551571109c8dd98af89ffe8f7ee23292,20260717_20260718T193335462592+0800_4fbf151bf6a9,resolved_governed_official,sse_official_fund_announcement,share_split,2026-05-21,2026-05-22,4.0,0.0,https://www.sse.com.cn/disclosure/fund/announcement/c/new/2026-05-22/512930_20260522_RO7M.pdf,sse_etf_share_action_cross_evidence_v2,9aa025edf06e13368941d040f556f5ac14d122441685b96f74f245f36f119531,6ff5095bbb4a2c82fed162616b75c9904276e20e117dfa208096472a42ad4508,True
P0,513100,纳指ETF,active,2022-01-14,5.0,5.115270936,2.305418719,zero_marker_common_factor_inference,official fund-manager or exchange share split/merger result with exact factor and effective date,pending_primary_evidence,False,5cd5d1518d5986a2ae4e7f957355c199551571109c8dd98af89ffe8f7ee23292,20260717_20260718T193335462592+0800_4fbf151bf6a9,resolved_governed_official,sse_official_fund_announcement,share_split,2022-01-13,2022-01-14,5.0,0.0,https://www.sse.com.cn/disclosure/fund/announcement/c/new/2022-01-14/513100_20220114_1_3BhgkjWG.pdf,sse_etf_share_action_cross_evidence_v2,9aa025edf06e13368941d040f556f5ac14d122441685b96f74f245f36f119531,6ff5095bbb4a2c82fed162616b75c9904276e20e117dfa208096472a42ad4508,True
P0,513380,科技恒生,active,2025-03-12,2.0,2.034246575,1.712328767,zero_marker_common_factor_inference,official fund-manager or exchange share split/merger result with exact factor and effective date,pending_primary_evidence,False,5cd5d1518d5986a2ae4e7f957355c199551571109c8dd98af89ffe8f7ee23292,20260717_20260718T193335462592+0800_4fbf151bf6a9,resolved_governed_official,sse_official_fund_announcement,share_split,2025-03-11,2025-03-12,2.0,0.0,https://www.sse.com.cn/disclosure/fund/announcement/c/new/2025-03-12/513380_20250312_6JJS.pdf,sse_etf_share_action_cross_evidence_v2,9aa025edf06e13368941d040f556f5ac14d122441685b96f74f245f36f119531,6ff5095bbb4a2c82fed162616b75c9904276e20e117dfa208096472a42ad4508,True
P0,513500,标普500,active,2022-03-30,2.0,1.967625899,-1.618705036,zero_marker_common_factor_inference,official fund-manager or exchange share split/merger result with exact factor and effective date,pending_primary_evidence,False,5cd5d1518d5986a2ae4e7f957355c199551571109c8dd98af89ffe8f7ee23292,20260717_20260718T193335462592+0800_4fbf151bf6a9,resolved_governed_official,sse_official_fund_announcement,share_split,2022-03-29,2022-03-30,2.0,0.0,https://www.sse.com.cn/disclosure/fund/announcement/c/new/2022-03-30/513500_20220330_2_VODYJTry.pdf,sse_etf_share_action_cross_evidence_v2,9aa025edf06e13368941d040f556f5ac14d122441685b96f74f245f36f119531,6ff5095bbb4a2c82fed162616b75c9904276e20e117dfa208096472a42ad4508,True
P0,513660,恒生通,active,2026-04-21,2.0,1.993626514,-0.318674315,zero_marker_common_factor_inference,official fund-manager or exchange share split/merger result with exact factor and effective date,pending_primary_evidence,False,5cd5d1518d5986a2ae4e7f957355c199551571109c8dd98af89ffe8f7ee23292,20260717_20260718T193335462592+0800_4fbf151bf6a9,resolved_governed_official,sse_official_fund_announcement,share_split,2026-04-20,2026-04-21,2.0,0.0,https://www.sse.com.cn/disclosure/fund/announcement/c/new/2026-04-21/513660_20260421_ASND.pdf,sse_etf_share_action_cross_evidence_v2,9aa025edf06e13368941d040f556f5ac14d122441685b96f74f245f36f119531,6ff5095bbb4a2c82fed162616b75c9904276e20e117dfa208096472a42ad4508,True
P0,513770,港股互联网ETF,active,2025-09-01,2.0,1.966611018,-1.669449082,zero_marker_common_factor_inference,official fund-manager or exchange share split/merger result with exact factor and effective date,pending_primary_evidence,False,5cd5d1518d5986a2ae4e7f957355c199551571109c8dd98af89ffe8f7ee23292,20260717_20260718T193335462592+0800_4fbf151bf6a9,resolved_governed_official,sse_official_fund_announcement,share_split,2025-08-29,2025-09-01,2.0,0.0,https://www.sse.com.cn/disclosure/fund/announcement/c/new/2025-09-01/513770_20250901_2SJ0.pdf,sse_etf_share_action_cross_evidence_v2,9aa025edf06e13368941d040f556f5ac14d122441685b96f74f245f36f119531,6ff5095bbb4a2c82fed162616b75c9904276e20e117dfa208096472a42ad4508,True
P0,515000,科技ETF,active,2025-09-08,2.0,2.02092511,1.046255507,zero_marker_common_factor_inference,official fund-manager or exchange share split/merger result with exact factor and effective date,pending_primary_evidence,False,5cd5d1518d5986a2ae4e7f957355c199551571109c8dd98af89ffe8f7ee23292,20260717_20260718T193335462592+0800_4fbf151bf6a9,resolved_governed_official,sse_official_fund_announcement,share_split,2025-09-05,2025-09-08,2.0,0.0,https://www.sse.com.cn/disclosure/fund/announcement/c/new/2025-09-08/515000_20250908_I7H8.pdf,sse_etf_share_action_cross_evidence_v2,9aa025edf06e13368941d040f556f5ac14d122441685b96f74f245f36f119531,6ff5095bbb4a2c82fed162616b75c9904276e20e117dfa208096472a42ad4508,True
P0,515050,5GETF,active,2026-05-13,3.0,2.880622837,-3.979238754,zero_marker_common_factor_inference,official fund-manager or exchange share split/merger result with exact factor and effective date,pending_primary_evidence,False,5cd5d1518d5986a2ae4e7f957355c199551571109c8dd98af89ffe8f7ee23292,20260717_20260718T193335462592+0800_4fbf151bf6a9,resolved_governed_official,sse_official_fund_announcement,share_split,2026-05-12,2026-05-13,3.0,0.0,https://www.sse.com.cn/disclosure/fund/announcement/c/new/2026-05-13/515050_20260513_P4D1.pdf,sse_etf_share_action_cross_evidence_v2,9aa025edf06e13368941d040f556f5ac14d122441685b96f74f245f36f119531,6ff5095bbb4a2c82fed162616b75c9904276e20e117dfa208096472a42ad4508,True
P0,515070,AI智能,active,2026-07-06,2.0,2.017174083,0.858704137,zero_marker_common_factor_inference,official fund-manager or exchange share split/merger result with exact factor and effective date,pending_primary_evidence,False,5cd5d1518d5986a2ae4e7f957355c199551571109c8dd98af89ffe8f7ee23292,20260717_20260718T193335462592+0800_4fbf151bf6a9,resolved_governed_official,sse_official_fund_announcement,share_split,2026-07-03,2026-07-06,2.0,0.0,https://www.sse.com.cn/disclosure/fund/announcement/c/new/2026-07-06/515070_20260706_BPJG.pdf,sse_etf_share_action_cross_evidence_v2,9aa025edf06e13368941d040f556f5ac14d122441685b96f74f245f36f119531,6ff5095bbb4a2c82fed162616b75c9904276e20e117dfa208096472a42ad4508,True
P0,515220,煤炭ETF,active,2024-04-12,2.0,2.01387818,0.693909021,zero_marker_common_factor_inference,official fund-manager or exchange share split/merger result with exact factor and effective date,pending_primary_evidence,False,5cd5d1518d5986a2ae4e7f957355c199551571109c8dd98af89ffe8f7ee23292,20260717_20260718T193335462592+0800_4fbf151bf6a9,resolved_governed_official,sse_official_fund_announcement,share_split,2024-04-11,2024-04-12,2.0,0.0,https://www.sse.com.cn/disclosure/fund/announcement/c/new/2024-04-12/515220_20240412_5CZN.pdf,sse_etf_share_action_cross_evidence_v2,9aa025edf06e13368941d040f556f5ac14d122441685b96f74f245f36f119531,6ff5095bbb4a2c82fed162616b75c9904276e20e117dfa208096472a42ad4508,True
P0,515260,电子ETF,active,2025-09-15,2.0,1.995283019,-0.235849057,zero_marker_common_factor_inference,official fund-manager or exchange share split/merger result with exact factor and effective date,pending_primary_evidence,False,5cd5d1518d5986a2ae4e7f957355c199551571109c8dd98af89ffe8f7ee23292,20260717_20260718T193335462592+0800_4fbf151bf6a9,resolved_governed_official,sse_official_fund_announcement,share_split,2025-09-12,2025-09-15,2.0,0.0,https://www.sse.com.cn/disclosure/fund/announcement/c/new/2025-09-15/515260_20250915_W1I4.pdf,sse_etf_share_action_cross_evidence_v2,9aa025edf06e13368941d040f556f5ac14d122441685b96f74f245f36f119531,6ff5095bbb4a2c82fed162616b75c9904276e20e117dfa208096472a42ad4508,True
P0,515580,中证科技,active,2021-11-01,2.0,1.95,-2.5,zero_marker_common_factor_inference,official fund-manager or exchange share split/merger result with exact factor and effective date,pending_primary_evidence,False,5cd5d1518d5986a2ae4e7f957355c199551571109c8dd98af89ffe8f7ee23292,20260717_20260718T193335462592+0800_4fbf151bf6a9,resolved_governed_official,sse_official_fund_announcement,share_split,2021-10-29,2021-11-01,2.0,0.0,https://www.sse.com.cn/disclosure/fund/announcement/c/new/2021-11-01/515580_20211101_1_0LlJq0IA.pdf,sse_etf_share_action_cross_evidence_v2,9aa025edf06e13368941d040f556f5ac14d122441685b96f74f245f36f119531,6ff5095bbb4a2c82fed162616b75c9904276e20e117dfa208096472a42ad4508,True
P0,515880,通信ETF,active,2026-02-03,3.0,2.915129151,-2.82902829,zero_marker_common_factor_inference,official fund-manager or exchange share split/merger result with exact factor and effective date,pending_primary_evidence,False,5cd5d1518d5986a2ae4e7f957355c199551571109c8dd98af89ffe8f7ee23292,20260717_20260718T193335462592+0800_4fbf151bf6a9,resolved_governed_official,sse_official_fund_announcement,share_split,2026-02-02,2026-02-03,3.0,0.0,https://www.sse.com.cn/disclosure/fund/announcement/c/new/2026-02-03/515880_20260203_8390.pdf,sse_etf_share_action_cross_evidence_v2,9aa025edf06e13368941d040f556f5ac14d122441685b96f74f245f36f119531,6ff5095bbb4a2c82fed162616b75c9904276e20e117dfa208096472a42ad4508,True
P0,515880,通信ETF,active,2026-07-06,2.0,2.085865258,4.29326288,zero_marker_common_factor_inference,official fund-manager or exchange share split/merger result with exact factor and effective date,pending_primary_evidence,False,5cd5d1518d5986a2ae4e7f957355c199551571109c8dd98af89ffe8f7ee23292,20260717_20260718T193335462592+0800_4fbf151bf6a9,resolved_governed_official,sse_official_fund_announcement,share_split,2026-07-03,2026-07-06,2.0,0.0,https://www.sse.com.cn/disclosure/fund/announcement/c/new/2026-07-06/515880_20260706_PYMW.pdf,sse_etf_share_action_cross_evidence_v2,9aa025edf06e13368941d040f556f5ac14d122441685b96f74f245f36f119531,6ff5095bbb4a2c82fed162616b75c9904276e20e117dfa208096472a42ad4508,True
P0,515980,人工智能,active,2025-09-30,2.0,1.986813187,-0.659340659,zero_marker_common_factor_inference,official fund-manager or exchange share split/merger result with exact factor and effective date,pending_primary_evidence,False,5cd5d1518d5986a2ae4e7f957355c199551571109c8dd98af89ffe8f7ee23292,20260717_20260718T193335462592+0800_4fbf151bf6a9,resolved_governed_official,sse_official_fund_announcement,share_split,2025-09-29,2025-09-30,2.0,0.0,https://www.sse.com.cn/disclosure/fund/announcement/c/new/2025-09-30/515980_20250930_Z77F.pdf,sse_etf_share_action_cross_evidence_v2,9aa025edf06e13368941d040f556f5ac14d122441685b96f74f245f36f119531,6ff5095bbb4a2c82fed162616b75c9904276e20e117dfa208096472a42ad4508,True
P0,516070,碳中和50,active,2021-11-22,2.0,1.9200492,-3.997539975,zero_marker_common_factor_inference,official fund-manager or exchange share split/merger result with exact factor and effective date,pending_primary_evidence,False,5cd5d1518d5986a2ae4e7f957355c199551571109c8dd98af89ffe8f7ee23292,20260717_20260718T193335462592+0800_4fbf151bf6a9,resolved_governed_official,sse_official_fund_announcement,share_split,2021-11-19,2021-11-22,2.0,0.0,https://www.sse.com.cn/disclosure/fund/announcement/c/new/2021-11-22/516070_20211122_1_qD7BZOpV.pdf,sse_etf_share_action_cross_evidence_v2,9aa025edf06e13368941d040f556f5ac14d122441685b96f74f245f36f119531,6ff5095bbb4a2c82fed162616b75c9904276e20e117dfa208096472a42ad4508,True
P0,516090,新能源E,active,2021-11-29,2.0,1.942632171,-2.868391451,zero_marker_common_factor_inference,official fund-manager or exchange share split/merger result with exact factor and effective date,pending_primary_evidence,False,5cd5d1518d5986a2ae4e7f957355c199551571109c8dd98af89ffe8f7ee23292,20260717_20260718T193335462592+0800_4fbf151bf6a9,resolved_governed_official,sse_official_fund_announcement,share_split,2021-11-26,2021-11-29,2.0,0.0,https://www.sse.com.cn/disclosure/fund/announcement/c/new/2021-11-29/516090_20211129_1_1h1LGYZm.pdf,sse_etf_share_action_cross_evidence_v2,9aa025edf06e13368941d040f556f5ac14d122441685b96f74f245f36f119531,6ff5095bbb4a2c82fed162616b75c9904276e20e117dfa208096472a42ad4508,True
P0,516780,稀土ETF,active,2026-05-25,2.0,1.992798354,-0.360082305,zero_marker_common_factor_inference,official fund-manager or exchange share split/merger result with exact factor and effective date,pending_primary_evidence,False,5cd5d1518d5986a2ae4e7f957355c199551571109c8dd98af89ffe8f7ee23292,20260717_20260718T193335462592+0800_4fbf151bf6a9,resolved_governed_official,sse_official_fund_announcement,share_split,2026-05-22,2026-05-25,2.0,0.0,https://www.sse.com.cn/disclosure/fund/announcement/c/new/2026-05-25/516780_20260525_ZD6A.pdf,sse_etf_share_action_cross_evidence_v2,9aa025edf06e13368941d040f556f5ac14d122441685b96f74f245f36f119531,6ff5095bbb4a2c82fed162616b75c9904276e20e117dfa208096472a42ad4508,True
P0,516800,智能制造ETF,active,2025-09-08,2.0,1.968622101,-1.568894952,zero_marker_common_factor_inference,official fund-manager or exchange share split/merger result with exact factor and effective date,pending_primary_evidence,False,5cd5d1518d5986a2ae4e7f957355c199551571109c8dd98af89ffe8f7ee23292,20260717_20260718T193335462592+0800_4fbf151bf6a9,resolved_governed_official,sse_official_fund_announcement,share_split,2025-09-05,2025-09-08,2.0,0.0,https://www.sse.com.cn/disclosure/fund/announcement/c/new/2025-09-08/516800_20250908_D165.pdf,sse_etf_share_action_cross_evidence_v2,9aa025edf06e13368941d040f556f5ac14d122441685b96f74f245f36f119531,6ff5095bbb4a2c82fed162616b75c9904276e20e117dfa208096472a42ad4508,True
P0,520880,港股通创新药ETF,active,2025-09-01,2.0,1.935185185,-3.240740741,zero_marker_common_factor_inference,official fund-manager or exchange share split/merger result with exact factor and effective date,pending_primary_evidence,False,5cd5d1518d5986a2ae4e7f957355c199551571109c8dd98af89ffe8f7ee23292,20260717_20260718T193335462592+0800_4fbf151bf6a9,resolved_governed_official,sse_official_fund_announcement,share_split,2025-08-29,2025-09-01,2.0,0.0,https://www.sse.com.cn/disclosure/fund/announcement/c/new/2025-09-01/520880_20250901_6MCC.pdf,sse_etf_share_action_cross_evidence_v2,9aa025edf06e13368941d040f556f5ac14d122441685b96f74f245f36f119531,6ff5095bbb4a2c82fed162616b75c9904276e20e117dfa208096472a42ad4508,True
P0,560660,云50ETF,active,2026-04-27,2.0,2.013781223,0.689061154,zero_marker_common_factor_inference,official fund-manager or exchange share split/merger result with exact factor and effective date,pending_primary_evidence,False,5cd5d1518d5986a2ae4e7f957355c199551571109c8dd98af89ffe8f7ee23292,20260717_20260718T193335462592+0800_4fbf151bf6a9,resolved_governed_official,sse_official_fund_announcement,share_split,2026-04-24,2026-04-27,2.0,0.0,https://www.sse.com.cn/disclosure/fund/announcement/c/new/2026-04-27/560660_20260427_K026.pdf,sse_etf_share_action_cross_evidence_v2,9aa025edf06e13368941d040f556f5ac14d122441685b96f74f245f36f119531,6ff5095bbb4a2c82fed162616b75c9904276e20e117dfa208096472a42ad4508,True
P0,560780,半导设备,active,2026-06-26,3.0,2.889824024,-3.672532517,zero_marker_common_factor_inference,official fund-manager or exchange share split/merger result with exact factor and effective date,pending_primary_evidence,False,5cd5d1518d5986a2ae4e7f957355c199551571109c8dd98af89ffe8f7ee23292,20260717_20260718T193335462592+0800_4fbf151bf6a9,resolved_governed_official,sse_official_fund_announcement,share_split,2026-06-25,2026-06-26,3.0,0.0,https://www.sse.com.cn/disclosure/fund/announcement/c/new/2026-06-26/560780_20260626_99CX.pdf,sse_etf_share_action_cross_evidence_v2,9aa025edf06e13368941d040f556f5ac14d122441685b96f74f245f36f119531,6ff5095bbb4a2c82fed162616b75c9904276e20e117dfa208096472a42ad4508,True
P0,561310,消电ETF,active,2026-07-09,2.0,1.839957035,-8.002148228,zero_marker_common_factor_inference,official fund-manager or exchange share split/merger result with exact factor and effective date,pending_primary_evidence,False,5cd5d1518d5986a2ae4e7f957355c199551571109c8dd98af89ffe8f7ee23292,20260717_20260718T193335462592+0800_4fbf151bf6a9,resolved_governed_official,sse_official_fund_announcement,share_split,2026-07-08,2026-07-09,2.0,0.0,https://www.sse.com.cn/disclosure/fund/announcement/c/new/2026-07-09/561310_20260709_ZRC0.pdf,sse_etf_share_action_cross_evidence_v2,9aa025edf06e13368941d040f556f5ac14d122441685b96f74f245f36f119531,6ff5095bbb4a2c82fed162616b75c9904276e20e117dfa208096472a42ad4508,True
P0,561330,矿业ETF,active,2026-06-25,2.0,2.047764228,2.388211382,zero_marker_common_factor_inference,official fund-manager or exchange share split/merger result with exact factor and effective date,pending_primary_evidence,False,5cd5d1518d5986a2ae4e7f957355c199551571109c8dd98af89ffe8f7ee23292,20260717_20260718T193335462592+0800_4fbf151bf6a9,resolved_governed_official,sse_official_fund_announcement,share_split,2026-06-24,2026-06-25,2.0,0.0,https://www.sse.com.cn/disclosure/fund/announcement/c/new/2026-06-25/561330_20260625_IWKV.pdf,sse_etf_share_action_cross_evidence_v2,9aa025edf06e13368941d040f556f5ac14d122441685b96f74f245f36f119531,6ff5095bbb4a2c82fed162616b75c9904276e20e117dfa208096472a42ad4508,True
P0,561980,芯片设备,active,2026-06-26,5.0,4.925178147,-1.496437055,zero_marker_common_factor_inference,official fund-manager or exchange share split/merger result with exact factor and effective date,pending_primary_evidence,False,5cd5d1518d5986a2ae4e7f957355c199551571109c8dd98af89ffe8f7ee23292,20260717_20260718T193335462592+0800_4fbf151bf6a9,resolved_governed_official,sse_official_fund_announcement,share_split,2026-06-25,2026-06-26,5.0,0.0,https://www.sse.com.cn/disclosure/fund/announcement/c/new/2026-06-26/561980_20260626_4J0A.pdf,sse_etf_share_action_cross_evidence_v2,9aa025edf06e13368941d040f556f5ac14d122441685b96f74f245f36f119531,6ff5095bbb4a2c82fed162616b75c9904276e20e117dfa208096472a42ad4508,True
P0,562000,中证A100ETF基金,active,2025-11-10,2.0,2.0,0.0,zero_marker_common_factor_inference,official fund-manager or exchange share split/merger result with exact factor and effective date,pending_primary_evidence,False,5cd5d1518d5986a2ae4e7f957355c199551571109c8dd98af89ffe8f7ee23292,20260717_20260718T193335462592+0800_4fbf151bf6a9,resolved_governed_official,sse_official_fund_announcement,share_split,2025-11-07,2025-11-10,2.0,0.0,https://www.sse.com.cn/disclosure/fund/announcement/c/new/2025-11-10/562000_20251110_5718.pdf,sse_etf_share_action_cross_evidence_v2,9aa025edf06e13368941d040f556f5ac14d122441685b96f74f245f36f119531,6ff5095bbb4a2c82fed162616b75c9904276e20e117dfa208096472a42ad4508,True
P0,562030,信创ETF基金,active,2025-09-15,2.0,2.001785714,0.089285714,zero_marker_common_factor_inference,official fund-manager or exchange share split/merger result with exact factor and effective date,pending_primary_evidence,False,5cd5d1518d5986a2ae4e7f957355c199551571109c8dd98af89ffe8f7ee23292,20260717_20260718T193335462592+0800_4fbf151bf6a9,resolved_governed_official,sse_official_fund_announcement,share_split,2025-09-12,2025-09-15,2.0,0.0,https://www.sse.com.cn/disclosure/fund/announcement/c/new/2025-09-15/562030_20250915_LLJX.pdf,sse_etf_share_action_cross_evidence_v2,9aa025edf06e13368941d040f556f5ac14d122441685b96f74f245f36f119531,6ff5095bbb4a2c82fed162616b75c9904276e20e117dfa208096472a42ad4508,True
P0,562060,标普红利ETF,active,2025-08-11,2.0,1.996655518,-0.16722408,zero_marker_common_factor_inference,official fund-manager or exchange share split/merger result with exact factor and effective date,pending_primary_evidence,False,5cd5d1518d5986a2ae4e7f957355c199551571109c8dd98af89ffe8f7ee23292,20260717_20260718T193335462592+0800_4fbf151bf6a9,resolved_governed_official,sse_official_fund_announcement,share_split,2025-08-08,2025-08-11,2.0,0.0,https://www.sse.com.cn/disclosure/fund/announcement/c/new/2025-08-11/562060_20250811_LZHV.pdf,sse_etf_share_action_cross_evidence_v2,9aa025edf06e13368941d040f556f5ac14d122441685b96f74f245f36f119531,6ff5095bbb4a2c82fed162616b75c9904276e20e117dfa208096472a42ad4508,True
P0,562080,300现金流ETF,active,2025-11-10,2.0,1.977235772,-1.138211382,zero_marker_common_factor_inference,official fund-manager or exchange share split/merger result with exact factor and effective date,pending_primary_evidence,False,5cd5d1518d5986a2ae4e7f957355c199551571109c8dd98af89ffe8f7ee23292,20260717_20260718T193335462592+0800_4fbf151bf6a9,resolved_governed_official,sse_official_fund_announcement,share_split,2025-11-07,2025-11-10,2.0,0.0,https://www.sse.com.cn/disclosure/fund/announcement/c/new/2025-11-10/562080_20251110_LBMK.pdf,sse_etf_share_action_cross_evidence_v2,9aa025edf06e13368941d040f556f5ac14d122441685b96f74f245f36f119531,6ff5095bbb4a2c82fed162616b75c9904276e20e117dfa208096472a42ad4508,True
P0,562590,半导材料,active,2026-07-06,3.0,3.008156607,0.271886895,zero_marker_common_factor_inference,official fund-manager or exchange share split/merger result with exact factor and effective date,pending_primary_evidence,False,5cd5d1518d5986a2ae4e7f957355c199551571109c8dd98af89ffe8f7ee23292,20260717_20260718T193335462592+0800_4fbf151bf6a9,resolved_governed_official,sse_official_fund_announcement,share_split,2026-07-03,2026-07-06,3.0,0.0,https://www.sse.com.cn/disclosure/fund/announcement/c/new/2026-07-06/562590_20260706_5QUI.pdf,sse_etf_share_action_cross_evidence_v2,9aa025edf06e13368941d040f556f5ac14d122441685b96f74f245f36f119531,6ff5095bbb4a2c82fed162616b75c9904276e20e117dfa208096472a42ad4508,True
P0,563500,中证A500ETF华宝,active,2025-10-20,2.0,1.989966555,-0.501672241,zero_marker_common_factor_inference,official fund-manager or exchange share split/merger result with exact factor and effective date,pending_primary_evidence,False,5cd5d1518d5986a2ae4e7f957355c199551571109c8dd98af89ffe8f7ee23292,20260717_20260718T193335462592+0800_4fbf151bf6a9,resolved_governed_official,sse_official_fund_announcement,share_split,2025-10-17,2025-10-20,2.0,0.0,https://www.sse.com.cn/disclosure/fund/announcement/c/new/2025-10-20/563500_20251020_JS8D.pdf,sse_etf_share_action_cross_evidence_v2,9aa025edf06e13368941d040f556f5ac14d122441685b96f74f245f36f119531,6ff5095bbb4a2c82fed162616b75c9904276e20e117dfa208096472a42ad4508,True
P0,588020,科创50E,active,2026-07-09,3.0,2.802714932,-6.576168929,zero_marker_common_factor_inference,official fund-manager or exchange share split/merger result with exact factor and effective date,pending_primary_evidence,False,5cd5d1518d5986a2ae4e7f957355c199551571109c8dd98af89ffe8f7ee23292,20260717_20260718T193335462592+0800_4fbf151bf6a9,resolved_governed_official,sse_official_fund_announcement,share_split,2026-07-08,2026-07-09,3.0,0.0,https://www.sse.com.cn/disclosure/fund/announcement/c/new/2026-07-09/588020_20260709_A6QJ.pdf,sse_etf_share_action_cross_evidence_v2,9aa025edf06e13368941d040f556f5ac14d122441685b96f74f245f36f119531,6ff5095bbb4a2c82fed162616b75c9904276e20e117dfa208096472a42ad4508,True
P0,588120,科100ETF,active,2026-06-24,2.0,1.940453686,-2.97731569,zero_marker_common_factor_inference,official fund-manager or exchange share split/merger result with exact factor and effective date,pending_primary_evidence,False,5cd5d1518d5986a2ae4e7f957355c199551571109c8dd98af89ffe8f7ee23292,20260717_20260718T193335462592+0800_4fbf151bf6a9,resolved_governed_official,sse_official_fund_announcement,share_split,2026-06-23,2026-06-24,2.0,0.0,https://www.sse.com.cn/disclosure/fund/announcement/c/new/2026-06-24/588120_20260624_GI0M.pdf,sse_etf_share_action_cross_evidence_v2,9aa025edf06e13368941d040f556f5ac14d122441685b96f74f245f36f119531,6ff5095bbb4a2c82fed162616b75c9904276e20e117dfa208096472a42ad4508,True
P0,588170,科创半导,active,2026-07-06,3.0,3.002516779,0.083892617,zero_marker_common_factor_inference,official fund-manager or exchange share split/merger result with exact factor and effective date,pending_primary_evidence,False,5cd5d1518d5986a2ae4e7f957355c199551571109c8dd98af89ffe8f7ee23292,20260717_20260718T193335462592+0800_4fbf151bf6a9,resolved_governed_official,sse_official_fund_announcement,share_split,2026-07-03,2026-07-06,3.0,0.0,https://www.sse.com.cn/disclosure/fund/announcement/c/new/2026-07-06/588170_20260706_KYCK.pdf,sse_etf_share_action_cross_evidence_v2,9aa025edf06e13368941d040f556f5ac14d122441685b96f74f245f36f119531,6ff5095bbb4a2c82fed162616b75c9904276e20e117dfa208096472a42ad4508,True
P0,588760,AI科创,active,2025-02-21,2.0,1.887096774,-5.64516129,zero_marker_common_factor_inference,official fund-manager or exchange share split/merger result with exact factor and effective date,pending_primary_evidence,False,5cd5d1518d5986a2ae4e7f957355c199551571109c8dd98af89ffe8f7ee23292,20260717_20260718T193335462592+0800_4fbf151bf6a9,resolved_governed_official,sse_official_fund_announcement,share_split,2025-02-20,2025-02-21,2.0,0.0,https://www.sse.com.cn/disclosure/fund/announcement/c/new/2025-02-21/588760_20250221_IJ49.pdf,sse_etf_share_action_cross_evidence_v2,9aa025edf06e13368941d040f556f5ac14d122441685b96f74f245f36f119531,6ff5095bbb4a2c82fed162616b75c9904276e20e117dfa208096472a42ad4508,True
P0,588780,芯片设计,active,2026-02-03,2.0,1.955604883,-2.219755827,zero_marker_common_factor_inference,official fund-manager or exchange share split/merger result with exact factor and effective date,pending_primary_evidence,False,5cd5d1518d5986a2ae4e7f957355c199551571109c8dd98af89ffe8f7ee23292,20260717_20260718T193335462592+0800_4fbf151bf6a9,resolved_governed_official,sse_official_fund_announcement,share_split,2026-02-02,2026-02-03,2.0,0.0,https://www.sse.com.cn/disclosure/fund/announcement/c/new/2026-02-03/588780_20260203_Q6ER.pdf,sse_etf_share_action_cross_evidence_v2,9aa025edf06e13368941d040f556f5ac14d122441685b96f74f245f36f119531,6ff5095bbb4a2c82fed162616b75c9904276e20e117dfa208096472a42ad4508,True
P0,588790,科创智能,active,2025-03-19,2.0,2.029641186,1.482059282,zero_marker_common_factor_inference,official fund-manager or exchange share split/merger result with exact factor and effective date,pending_primary_evidence,False,5cd5d1518d5986a2ae4e7f957355c199551571109c8dd98af89ffe8f7ee23292,20260717_20260718T193335462592+0800_4fbf151bf6a9,resolved_governed_official,sse_official_fund_announcement,share_split,2025-03-18,2025-03-19,2.0,0.0,https://www.sse.com.cn/disclosure/fund/announcement/c/new/2025-03-19/588790_20250319_ZM10.pdf,sse_etf_share_action_cross_evidence_v2,9aa025edf06e13368941d040f556f5ac14d122441685b96f74f245f36f119531,6ff5095bbb4a2c82fed162616b75c9904276e20e117dfa208096472a42ad4508,True
P0,588860,科创医药,active,2025-10-27,2.0,1.989417989,-0.529100529,zero_marker_common_factor_inference,official fund-manager or exchange share split/merger result with exact factor and effective date,pending_primary_evidence,False,5cd5d1518d5986a2ae4e7f957355c199551571109c8dd98af89ffe8f7ee23292,20260717_20260718T193335462592+0800_4fbf151bf6a9,resolved_governed_official,sse_official_fund_announcement,share_split,2025-10-24,2025-10-27,2.0,0.0,https://www.sse.com.cn/disclosure/fund/announcement/c/new/2025-10-27/588860_20251027_0VCX.pdf,sse_etf_share_action_cross_evidence_v2,9aa025edf06e13368941d040f556f5ac14d122441685b96f74f245f36f119531,6ff5095bbb4a2c82fed162616b75c9904276e20e117dfa208096472a42ad4508,True
P0,589520,科创人工智能ETF华宝,active,2025-09-08,2.0,1.993138937,-0.343053173,zero_marker_common_factor_inference,official fund-manager or exchange share split/merger result with exact factor and effective date,pending_primary_evidence,False,5cd5d1518d5986a2ae4e7f957355c199551571109c8dd98af89ffe8f7ee23292,20260717_20260718T193335462592+0800_4fbf151bf6a9,resolved_governed_official,sse_official_fund_announcement,share_split,2025-09-05,2025-09-08,2.0,0.0,https://www.sse.com.cn/disclosure/fund/announcement/c/new/2025-09-08/589520_20250908_O71T.pdf,sse_etf_share_action_cross_evidence_v2,9aa025edf06e13368941d040f556f5ac14d122441685b96f74f245f36f119531,6ff5095bbb4a2c82fed162616b75c9904276e20e117dfa208096472a42ad4508,True
P0,589630,科综国泰,active,2026-07-09,2.0,1.872081218,-6.395939086,zero_marker_common_factor_inference,official fund-manager or exchange share split/merger result with exact factor and effective date,pending_primary_evidence,False,5cd5d1518d5986a2ae4e7f957355c199551571109c8dd98af89ffe8f7ee23292,20260717_20260718T193335462592+0800_4fbf151bf6a9,resolved_governed_official,sse_official_fund_announcement,share_split,2026-07-08,2026-07-09,2.0,0.0,https://www.sse.com.cn/disclosure/fund/announcement/c/new/2026-07-09/589630_20260709_PJ6V.pdf,sse_etf_share_action_cross_evidence_v2,9aa025edf06e13368941d040f556f5ac14d122441685b96f74f245f36f119531,6ff5095bbb4a2c82fed162616b75c9904276e20e117dfa208096472a42ad4508,True
